銘柄コード,銘柄名,市場,日付,時刻,始値,高値,安値,終値,出来高
14590,楽天Ｗベア,東証,2015/7/15,0:0:0,9980,10030,9950,9960,12069
14590,楽天Ｗベア,東証,2015/7/16,0:0:0,9850,9920,9840,9850,24540
14590,楽天Ｗベア,東証,2015/7/17,0:0:0,9790,9830,9780,9790,28670
14590,楽天Ｗベア,東証,2015/7/21,0:0:0,9670,9730,9600,9610,34385
14590,楽天Ｗベア,東証,2015/7/22,0:0:0,9790,9850,9750,9840,27866
14590,楽天Ｗベア,東証,2015/7/23,0:0:0,9760,9780,9730,9760,8378
14590,楽天Ｗベア,東証,2015/7/24,0:0:0,9820,9900,9790,9880,18074
14590,楽天Ｗベア,東証,2015/7/27,0:0:0,10030,10140,9930,10050,21241
14590,楽天Ｗベア,東証,2015/7/28,0:0:0,10270,10340,9980,10060,43247
14590,楽天Ｗベア,東証,2015/7/29,0:0:0,10080,10210,10080,10130,12357
14590,楽天Ｗベア,東証,2015/7/30,0:0:0,9950,9970,9840,9880,30627
14590,楽天Ｗベア,東証,2015/7/31,0:0:0,9900,9940,9850,9860,28611
14590,楽天Ｗベア,東証,2015/8/3,0:0:0,9890,10010,9860,9870,35793
14590,楽天Ｗベア,東証,2015/8/4,0:0:0,9970,9980,9870,9920,30008
14590,楽天Ｗベア,東証,2015/8/5,0:0:0,9940,9940,9710,9780,37388
14590,楽天Ｗベア,東証,2015/8/6,0:0:0,9650,9750,9620,9750,51477
14590,楽天Ｗベア,東証,2015/8/7,0:0:0,9790,9840,9680,9700,45989
14590,楽天Ｗベア,東証,2015/8/10,0:0:0,9790,9800,9620,9640,39511
14590,楽天Ｗベア,東証,2015/8/11,0:0:0,9530,9830,9490,9700,72181
14590,楽天Ｗベア,東証,2015/8/12,0:0:0,9790,10090,9730,10010,82553
14590,楽天Ｗベア,東証,2015/8/13,0:0:0,9990,10100,9760,9800,48273
14590,楽天Ｗベア,東証,2015/8/14,0:0:0,9870,9910,9790,9880,20313
14590,楽天Ｗベア,東証,2015/8/17,0:0:0,9810,9850,9730,9770,29468
14590,楽天Ｗベア,東証,2015/8/18,0:0:0,9750,9850,9740,9850,20418
14590,楽天Ｗベア,東証,2015/8/19,0:0:0,9910,10170,9880,10160,43164
14590,楽天Ｗベア,東証,2015/8/20,0:0:0,10190,10340,10130,10330,32223
14590,楽天Ｗベア,東証,2015/8/21,0:0:0,10730,10960,10690,10940,60800
14590,楽天Ｗベア,東証,2015/8/24,0:0:0,11420,12030,11330,11950,164273
14590,楽天Ｗベア,東証,2015/8/25,0:0:0,12700,13010,11560,12890,273904
14590,楽天Ｗベア,東証,2015/8/26,0:0:0,12930,13080,11960,12060,187488
14590,楽天Ｗベア,東証,2015/8/27,0:0:0,11600,11900,11500,11780,55797
14590,楽天Ｗベア,東証,2015/8/28,0:0:0,11200,11320,11000,11070,62704
14590,楽天Ｗベア,東証,2015/8/31,0:0:0,11210,11520,11200,11380,77449
14590,楽天Ｗベア,東証,2015/9/1,0:0:0,11520,12200,11500,12190,132589
14590,楽天Ｗベア,東証,2015/9/2,0:0:0,12610,12610,11780,12280,245771
14590,楽天Ｗベア,東証,2015/9/3,0:0:0,11880,12190,11790,12160,87885
14590,楽天Ｗベア,東証,2015/9/4,0:0:0,12010,12970,12010,12690,123083
14590,楽天Ｗベア,東証,2015/9/7,0:0:0,12830,13150,12380,12600,170502
14590,楽天Ｗベア,東証,2015/9/8,0:0:0,12530,13230,12430,13190,153699
14590,楽天Ｗベア,東証,2015/9/9,0:0:0,12270,12380,11240,11300,187304
14590,楽天Ｗベア,東証,2015/9/10,0:0:0,12070,12200,11740,11740,155167
14590,楽天Ｗベア,東証,2015/9/11,0:0:0,12010,12020,11710,11830,74805
14590,楽天Ｗベア,東証,2015/9/14,0:0:0,11730,12270,11710,12180,84356
14590,楽天Ｗベア,東証,2015/9/15,0:0:0,12050,12180,11720,12110,104754
14590,楽天Ｗベア,東証,2015/9/16,0:0:0,11810,12020,11750,11910,84962
14590,楽天Ｗベア,東証,2015/9/17,0:0:0,11630,11750,11520,11560,103510
14590,楽天Ｗベア,東証,2015/9/18,0:0:0,11750,12040,11730,11960,134658
14590,楽天Ｗベア,東証,2015/9/24,0:0:0,12420,12670,12360,12670,70262
14590,楽天Ｗベア,東証,2015/9/25,0:0:0,12630,12820,12250,12300,144228
14590,楽天Ｗベア,東証,2015/9/28,0:0:0,12180,12520,12130,12360,86986
14590,楽天Ｗベア,東証,2015/9/29,0:0:0,12890,13440,12860,13390,122277
14590,楽天Ｗベア,東証,2015/9/30,0:0:0,12930,13020,12560,12760,88351
14590,楽天Ｗベア,東証,2015/10/1,0:0:0,12530,12690,12030,12160,113121
14590,楽天Ｗベア,東証,2015/10/2,0:0:0,12410,12470,12120,12200,87679
14590,楽天Ｗベア,東証,2015/10/5,0:0:0,11910,12000,11710,11830,76006
14590,楽天Ｗベア,東証,2015/10/6,0:0:0,11380,11690,11340,11670,81289
14590,楽天Ｗベア,東証,2015/10/7,0:0:0,11610,11760,11340,11450,80093
14590,楽天Ｗベア,東証,2015/10/8,0:0:0,11400,11640,11300,11620,88889
14590,楽天Ｗベア,東証,2015/10/9,0:0:0,11530,11590,11200,11200,68599
14590,楽天Ｗベア,東証,2015/10/13,0:0:0,11360,11490,11310,11430,50835
14590,楽天Ｗベア,東証,2015/10/14,0:0:0,11650,11970,11600,11890,87113
14590,楽天Ｗベア,東証,2015/10/15,0:0:0,12060,12100,11540,11660,50617
14590,楽天Ｗベア,東証,2015/10/16,0:0:0,11380,11450,11260,11410,39228
14590,楽天Ｗベア,東証,2015/10/19,0:0:0,11380,11650,11360,11550,45387
14590,楽天Ｗベア,東証,2015/10/20,0:0:0,11430,11570,11410,11480,22983
14590,楽天Ｗベア,東証,2015/10/21,0:0:0,11540,11550,10990,11060,89492
14590,楽天Ｗベア,東証,2015/10/22,0:0:0,11220,11270,11030,11170,56429
14590,楽天Ｗベア,東証,2015/10/23,0:0:0,10670,10740,10610,10700,83701
14590,楽天Ｗベア,東証,2015/10/26,0:0:0,10440,10600,10410,10580,49836
14590,楽天Ｗベア,東証,2015/10/27,0:0:0,10570,10790,10550,10770,60237
14590,楽天Ｗベア,東証,2015/10/28,0:0:0,10690,10720,10590,10620,38275
14590,楽天Ｗベア,東証,2015/10/29,0:0:0,10440,10730,10430,10590,32910
14590,楽天Ｗベア,東証,2015/10/30,0:0:0,10620,10760,10280,10410,104517
14590,楽天Ｗベア,東証,2015/11/2,0:0:0,10710,10920,10660,10860,51749
14590,楽天Ｗベア,東証,2015/11/4,0:0:0,10460,10590,10340,10570,75012
14590,楽天Ｗベア,東証,2015/11/5,0:0:0,10470,10510,10320,10360,54933
14590,楽天Ｗベア,東証,2015/11/6,0:0:0,10290,10320,10180,10200,44768
14590,楽天Ｗベア,東証,2015/11/9,0:0:0,10030,10050,9770,9820,103445
14590,楽天Ｗベア,東証,2015/11/10,0:0:0,9980,9980,9770,9780,71225
14590,楽天Ｗベア,東証,2015/11/11,0:0:0,9850,9850,9740,9750,43087
14590,楽天Ｗベア,東証,2015/11/12,0:0:0,9810,9850,9730,9740,46749
14590,楽天Ｗベア,東証,2015/11/13,0:0:0,9940,10070,9840,9850,102076
14590,楽天Ｗベア,東証,2015/11/16,0:0:0,10300,10300,10000,10070,91044
14590,楽天Ｗベア,東証,2015/11/17,0:0:0,9770,9810,9710,9770,81095
14590,楽天Ｗベア,東証,2015/11/18,0:0:0,9660,9790,9600,9770,74813
14590,楽天Ｗベア,東証,2015/11/19,0:0:0,9590,9680,9480,9570,128491
14590,楽天Ｗベア,東証,2015/11/20,0:0:0,9640,9720,9590,9590,60635
14590,楽天Ｗベア,東証,2015/11/24,0:0:0,9540,9610,9490,9510,47332
14590,楽天Ｗベア,東証,2015/11/25,0:0:0,9570,9650,9560,9580,46070
14590,楽天Ｗベア,東証,2015/11/26,0:0:0,9520,9520,9450,9500,44994
14590,楽天Ｗベア,東証,2015/11/27,0:0:0,9450,9600,9440,9550,47656
14590,楽天Ｗベア,東証,2015/11/30,0:0:0,9580,9730,9560,9670,49571
14590,楽天Ｗベア,東証,2015/12/1,0:0:0,9620,9630,9460,9460,81723
14590,楽天Ｗベア,東証,2015/12/2,0:0:0,9500,9510,9450,9480,45151
14590,楽天Ｗベア,東証,2015/12/3,0:0:0,9520,9570,9460,9500,47647
14590,楽天Ｗベア,東証,2015/12/4,0:0:0,9800,9970,9770,9940,122790
14590,楽天Ｗベア,東証,2015/12/7,0:0:0,9700,9730,9590,9690,58140
14590,楽天Ｗベア,東証,2015/12/8,0:0:0,9700,9930,9640,9910,76808
14590,楽天Ｗベア,東証,2015/12/9,0:0:0,10020,10150,9930,10090,91820
14590,楽天Ｗベア,東証,2015/12/10,0:0:0,10380,10400,10280,10370,89610
14590,楽天Ｗベア,東証,2015/12/11,0:0:0,10300,10400,10110,10170,80517
14590,楽天Ｗベア,東証,2015/12/14,0:0:0,10680,10840,10510,10540,122957
14590,楽天Ｗベア,東証,2015/12/15,0:0:0,10520,10910,10500,10880,97049
14590,楽天Ｗベア,東証,2015/12/16,0:0:0,10470,10550,10320,10330,101979
14590,楽天Ｗベア,東証,2015/12/17,0:0:0,9910,10030,9830,10010,123152
14590,楽天Ｗベア,東証,2015/12/18,0:0:0,10050,10380,9430,10340,265290
14590,楽天Ｗベア,東証,2015/12/21,0:0:0,10510,10740,10380,10430,114844
14590,楽天Ｗベア,東証,2015/12/22,0:0:0,10450,10560,10420,10470,68641
14590,楽天Ｗベア,東証,2015/12/24,0:0:0,10240,10600,10240,10580,61167
14590,楽天Ｗベア,東証,2015/12/25,0:0:0,10530,10640,10490,10610,70822
14590,楽天Ｗベア,東証,2015/12/28,0:0:0,10420,10590,10410,10480,51194
14590,楽天Ｗベア,東証,2015/12/29,0:0:0,10500,10570,10340,10350,77737
14590,楽天Ｗベア,東証,2015/12/30,0:0:0,10240,10320,10210,10310,27327
14590,楽天Ｗベア,東証,2016/1/4,0:0:0,10510,11000,10390,10920,130707
14590,楽天Ｗベア,東証,2016/1/5,0:0:0,10990,11070,10800,11020,107219
14590,楽天Ｗベア,東証,2016/1/6,0:0:0,10990,11390,10900,11210,108813
14590,楽天Ｗベア,東証,2016/1/7,0:0:0,11330,11750,11250,11750,194775
14590,楽天Ｗベア,東証,2016/1/8,0:0:0,12000,12060,11440,11800,246682
14590,楽天Ｗベア,東証,2016/1/12,0:0:0,12110,12520,12030,12460,175940
14590,楽天Ｗベア,東証,2016/1/13,0:0:0,12060,12090,11710,11720,87858
14590,楽天Ｗベア,東証,2016/1/14,0:0:0,12480,12760,12300,12350,173526
14590,楽天Ｗベア,東証,2016/1/15,0:0:0,11870,12620,11840,12500,183555
14590,楽天Ｗベア,東証,2016/1/18,0:0:0,13100,13220,12650,12770,241222
14590,楽天Ｗベア,東証,2016/1/19,0:0:0,12850,12990,12540,12620,185741
14590,楽天Ｗベア,東証,2016/1/20,0:0:0,12640,13600,12640,13560,227256
14590,楽天Ｗベア,東証,2016/1/21,0:0:0,13430,14200,12980,14200,415106
14590,楽天Ｗベア,東証,2016/1/22,0:0:0,13130,13420,12460,12540,339741
14590,楽天Ｗベア,東証,2016/1/25,0:0:0,12240,12630,12170,12320,200281
14590,楽天Ｗベア,東証,2016/1/26,0:0:0,12820,12980,12710,12900,153724
14590,楽天Ｗベア,東証,2016/1/27,0:0:0,12370,12490,12040,12150,141016
14590,楽天Ｗベア,東証,2016/1/28,0:0:0,12360,12500,12060,12320,145037
14590,楽天Ｗベア,東証,2016/1/29,0:0:0,12270,12780,11360,11620,286841
14590,楽天Ｗベア,東証,2016/2/1,0:0:0,11250,11400,11130,11170,120304
14590,楽天Ｗベア,東証,2016/2/2,0:0:0,11440,11440,11190,11320,102704
14590,楽天Ｗベア,東証,2016/2/3,0:0:0,11770,12180,11710,12030,162582
14590,楽天Ｗベア,東証,2016/2/4,0:0:0,12270,12400,12010,12240,153451
14590,楽天Ｗベア,東証,2016/2/5,0:0:0,12630,12860,12470,12560,160491
14590,楽天Ｗベア,東証,2016/2/8,0:0:0,12890,12970,12130,12270,149256
14590,楽天Ｗベア,東証,2016/2/9,0:0:0,13220,13690,13140,13590,255931
14590,楽天Ｗベア,東証,2016/2/10,0:0:0,13490,14720,13460,14210,374991
14590,楽天Ｗベア,東証,2016/2/12,0:0:0,15360,15790,14920,15580,492734
14590,楽天Ｗベア,東証,2016/2/15,0:0:0,14090,14390,12970,13250,326600
14590,楽天Ｗベア,東証,2016/2/16,0:0:0,13550,13630,12770,13270,258547
14590,楽天Ｗベア,東証,2016/2/17,0:0:0,13370,13970,12990,13630,277098
14590,楽天Ｗベア,東証,2016/2/18,0:0:0,12780,13120,12730,12950,218579
14590,楽天Ｗベア,東証,2016/2/19,0:0:0,13250,13610,13230,13300,200501
14590,楽天Ｗベア,東証,2016/2/22,0:0:0,13540,13590,12980,13110,153338
14590,楽天Ｗベア,東証,2016/2/23,0:0:0,12920,13270,12710,13160,204035
14590,楽天Ｗベア,東証,2016/2/24,0:0:0,13550,13690,13260,13420,193390
14590,楽天Ｗベア,東証,2016/2/25,0:0:0,13320,13330,12880,12960,172956
14590,楽天Ｗベア,東証,2016/2/26,0:0:0,12720,12920,12480,12900,148395
14590,楽天Ｗベア,東証,2016/2/29,0:0:0,12700,13140,12500,13140,149473
14590,楽天Ｗベア,東証,2016/3/1,0:0:0,13200,13460,13040,13080,160302
14590,楽天Ｗベア,東証,2016/3/2,0:0:0,12390,12450,11890,11990,215764
14590,楽天Ｗベア,東証,2016/3/3,0:0:0,12090,12090,11690,11700,165793
14590,楽天Ｗベア,東証,2016/3/4,0:0:0,11740,11830,11580,11620,91888
14590,楽天Ｗベア,東証,2016/3/7,0:0:0,11580,11770,11570,11760,72990
14590,楽天Ｗベア,東証,2016/3/8,0:0:0,11800,12220,11750,11950,156533
14590,楽天Ｗベア,東証,2016/3/9,0:0:0,12160,12340,12040,12110,133688
14590,楽天Ｗベア,東証,2016/3/10,0:0:0,11880,12030,11770,11820,84773
14590,楽天Ｗベア,東証,2016/3/11,0:0:0,12170,12230,11580,11710,135971
14590,楽天Ｗベア,東証,2016/3/14,0:0:0,11410,11410,11200,11290,95089
14590,楽天Ｗベア,東証,2016/3/15,0:0:0,11300,11540,11190,11440,81295
14590,楽天Ｗベア,東証,2016/3/16,0:0:0,11630,11660,11460,11610,74666
14590,楽天Ｗベア,東証,2016/3/17,0:0:0,11460,11850,11240,11700,124632
14590,楽天Ｗベア,東証,2016/3/18,0:0:0,11760,12140,11700,11990,150678
14590,楽天Ｗベア,東証,2016/3/22,0:0:0,11550,11790,11400,11500,109543
14590,楽天Ｗベア,東証,2016/3/23,0:0:0,11470,11610,11370,11560,60838
14590,楽天Ｗベア,東証,2016/3/24,0:0:0,11640,11770,11500,11700,102965
14590,楽天Ｗベア,東証,2016/3/25,0:0:0,11620,11710,11520,11560,72644
14590,楽天Ｗベア,東証,2016/3/28,0:0:0,11400,11620,11320,11440,100835
14590,楽天Ｗベア,東証,2016/3/29,0:0:0,11420,11460,11200,11240,88356
14590,楽天Ｗベア,東証,2016/3/30,0:0:0,11300,11530,11280,11530,82500
14590,楽天Ｗベア,東証,2016/3/31,0:0:0,11350,11700,11320,11690,79686
14590,楽天Ｗベア,東証,2016/4/1,0:0:0,11720,12610,11720,12530,174991
14590,楽天Ｗベア,東証,2016/4/4,0:0:0,12660,12750,12420,12610,125507
14590,楽天Ｗベア,東証,2016/4/5,0:0:0,12720,13280,12670,13230,192431
14590,楽天Ｗベア,東証,2016/4/6,0:0:0,13250,13430,13050,13220,169907
14590,楽天Ｗベア,東証,2016/4/7,0:0:0,13210,13400,12980,13200,172055
14590,楽天Ｗベア,東証,2016/4/8,0:0:0,13590,13660,12700,13040,234361
14590,楽天Ｗベア,東証,2016/4/11,0:0:0,13180,13560,13130,13150,187923
14590,楽天Ｗベア,東証,2016/4/12,0:0:0,13220,13280,12820,12870,139391
14590,楽天Ｗベア,東証,2016/4/13,0:0:0,12460,12540,12110,12150,152813
14590,楽天Ｗベア,東証,2016/4/14,0:0:0,11750,11800,11360,11400,202685
14590,楽天Ｗベア,東証,2016/4/15,0:0:0,11620,11620,11330,11490,129781
14590,楽天Ｗベア,東証,2016/4/18,0:0:0,12210,12270,12000,12220,181632
14590,楽天Ｗベア,東証,2016/4/19,0:0:0,11450,11490,11300,11320,152083
14590,楽天Ｗベア,東証,2016/4/20,0:0:0,11100,11350,11040,11300,135363
14590,楽天Ｗベア,東証,2016/4/21,0:0:0,10850,10930,10650,10700,182540
14590,楽天Ｗベア,東証,2016/4/22,0:0:0,10860,10890,10420,10440,171720
14590,楽天Ｗベア,東証,2016/4/25,0:0:0,10340,10620,10340,10560,107259
14590,楽天Ｗベア,東証,2016/4/26,0:0:0,10630,10870,10590,10690,96137
14590,楽天Ｗベア,東証,2016/4/27,0:0:0,10650,10830,10580,10740,59140
14590,楽天Ｗベア,東証,2016/4/28,0:0:0,10550,11560,10400,11550,279434
14590,楽天Ｗベア,東証,2016/5/2,0:0:0,12430,12510,12220,12250,192297
14590,楽天Ｗベア,東証,2016/5/6,0:0:0,12150,12490,12060,12300,159115
14590,楽天Ｗベア,東証,2016/5/9,0:0:0,12100,12240,12030,12120,121710
14590,楽天Ｗベア,東証,2016/5/10,0:0:0,12040,12130,11590,11590,172134
14590,楽天Ｗベア,東証,2016/5/11,0:0:0,11370,11670,11260,11620,97539
14590,楽天Ｗベア,東証,2016/5/12,0:0:0,11800,11890,11490,11490,150182
14590,楽天Ｗベア,東証,2016/5/13,0:0:0,11410,11840,11300,11810,100701
14590,楽天Ｗベア,東証,2016/5/16,0:0:0,11770,11810,11490,11730,162417
14590,楽天Ｗベア,東証,2016/5/17,0:0:0,11500,11670,11460,11460,88357
14590,楽天Ｗベア,東証,2016/5/18,0:0:0,11560,11660,11260,11450,164932
14590,楽天Ｗベア,東証,2016/5/19,0:0:0,11260,11540,11200,11450,95094
14590,楽天Ｗベア,東証,2016/5/20,0:0:0,11510,11610,11300,11330,73865
14590,楽天Ｗベア,東証,2016/5/23,0:0:0,11420,11780,11400,11450,128791
14590,楽天Ｗベア,東証,2016/5/24,0:0:0,11540,11710,11520,11690,83937
14590,楽天Ｗベア,東証,2016/5/25,0:0:0,11290,11340,11230,11300,139984
14590,楽天Ｗベア,東証,2016/5/26,0:0:0,11050,11330,11030,11270,163185
14590,楽天Ｗベア,東証,2016/5/27,0:0:0,11200,11250,11110,11180,84127
14590,楽天Ｗベア,東証,2016/5/30,0:0:0,11010,11100,10870,10870,75903
14590,楽天Ｗベア,東証,2016/5/31,0:0:0,10960,10990,10640,10690,96992
14590,楽天Ｗベア,東証,2016/6/1,0:0:0,10820,11080,10770,11040,91550
14590,楽天Ｗベア,東証,2016/6/2,0:0:0,11200,11580,11180,11530,208381
14590,楽天Ｗベア,東証,2016/6/3,0:0:0,11470,11540,11330,11420,202306
14590,楽天Ｗベア,東証,2016/6/6,0:0:0,11840,11870,11500,11500,119713
14590,楽天Ｗベア,東証,2016/6/7,0:0:0,11430,11560,11330,11380,95572
14590,楽天Ｗベア,東証,2016/6/8,0:0:0,11330,11490,11170,11170,113830
14590,楽天Ｗベア,東証,2016/6/9,0:0:0,11300,11480,11210,11370,88278
14590,楽天Ｗベア,東証,2016/6/10,0:0:0,11400,11610,11380,11480,138887
14590,楽天Ｗベア,東証,2016/6/13,0:0:0,11860,12260,11860,12260,159019
14590,楽天Ｗベア,東証,2016/6/14,0:0:0,12320,12670,12160,12500,179544
14590,楽天Ｗベア,東証,2016/6/15,0:0:0,12600,12690,12290,12380,158154
14590,楽天Ｗベア,東証,2016/6/16,0:0:0,12490,13240,12410,13160,220791
14590,楽天Ｗベア,東証,2016/6/17,0:0:0,12720,12910,12570,12850,186864
14590,楽天Ｗベア,東証,2016/6/20,0:0:0,12400,12450,12150,12280,178844
14590,楽天Ｗベア,東証,2016/6/21,0:0:0,12420,12570,11900,11960,156261
14590,楽天Ｗベア,東証,2016/6/22,0:0:0,12070,12230,11970,12110,114834
14590,楽天Ｗベア,東証,2016/6/23,0:0:0,12030,12130,11790,11840,74174
14590,楽天Ｗベア,東証,2016/6/24,0:0:0,11700,13900,11590,13780,461983
14590,楽天Ｗベア,東証,2016/6/27,0:0:0,13480,13560,13040,13070,197081
14590,楽天Ｗベア,東証,2016/6/28,0:0:0,13470,13560,12780,12980,231020
14590,楽天Ｗベア,東証,2016/6/29,0:0:0,12680,12890,12490,12580,134208
14590,楽天Ｗベア,東証,2016/6/30,0:0:0,12280,12540,12240,12540,123367
14590,楽天Ｗベア,東証,2016/7/1,0:0:0,12360,12490,12260,12390,120555
14590,楽天Ｗベア,東証,2016/7/4,0:0:0,12590,12600,12200,12270,126809
14590,楽天Ｗベア,東証,2016/7/5,0:0:0,12400,12520,12350,12410,91823
14590,楽天Ｗベア,東証,2016/7/6,0:0:0,12820,13210,12790,12900,201559
14590,楽天Ｗベア,東証,2016/7/7,0:0:0,12870,13100,12790,13030,120840
14590,楽天Ｗベア,東証,2016/7/8,0:0:0,12980,13320,12830,13320,159519
14590,楽天Ｗベア,東証,2016/7/11,0:0:0,12720,12720,12080,12280,230597
14590,楽天Ｗベア,東証,2016/7/12,0:0:0,11690,11720,11430,11680,173688
14590,楽天Ｗベア,東証,2016/7/13,0:0:0,11170,11500,11140,11450,181993
14590,楽天Ｗベア,東証,2016/7/14,0:0:0,11420,11460,11210,11230,130543
14590,楽天Ｗベア,東証,2016/7/15,0:0:0,11130,11200,10930,11050,188283
14590,楽天Ｗベア,東証,2016/7/19,0:0:0,10900,11060,10770,10780,118216
14590,楽天Ｗベア,東証,2016/7/20,0:0:0,10900,11000,10820,10830,116390
14590,楽天Ｗベア,東証,2016/7/21,0:0:0,10580,10760,10500,10680,99800
14590,楽天Ｗベア,東証,2016/7/22,0:0:0,10940,10980,10810,10930,111667
14590,楽天Ｗベア,東証,2016/7/25,0:0:0,10860,10910,10700,10890,81507
14590,楽天Ｗベア,東証,2016/7/26,0:0:0,11000,11300,11000,11200,151468
14590,楽天Ｗベア,東証,2016/7/27,0:0:0,10960,11000,10590,10800,200825
14590,楽天Ｗベア,東証,2016/7/28,0:0:0,10950,11100,10870,11050,100866
14590,楽天Ｗベア,東証,2016/7/29,0:0:0,11100,11500,10720,10960,369098
14590,楽天Ｗベア,東証,2016/8/1,0:0:0,11180,11250,10790,10850,178603
14590,楽天Ｗベア,東証,2016/8/2,0:0:0,11070,11170,10970,11160,128783
14590,楽天Ｗベア,東証,2016/8/3,0:0:0,11460,11630,11320,11600,178119
14590,楽天Ｗベア,東証,2016/8/4,0:0:0,11470,11840,11310,11340,203550
14590,楽天Ｗベア,東証,2016/8/5,0:0:0,11330,11380,11200,11340,109604
14590,楽天Ｗベア,東証,2016/8/8,0:0:0,10950,11000,10780,10780,114943
14590,楽天Ｗベア,東証,2016/8/9,0:0:0,10790,10810,10610,10640,116825
14590,楽天Ｗベア,東証,2016/8/10,0:0:0,10710,10770,10560,10700,162468
14590,楽天Ｗベア,東証,2016/8/12,0:0:0,10550,10590,10400,10440,123562
14590,楽天Ｗベア,東証,2016/8/15,0:0:0,10480,10520,10420,10490,53130
14590,楽天Ｗベア,東証,2016/8/16,0:0:0,10450,10820,10450,10820,128186
14590,楽天Ｗベア,東証,2016/8/17,0:0:0,10810,10830,10610,10620,167850
14590,楽天Ｗベア,東証,2016/8/18,0:0:0,10770,10960,10660,10960,185737
14590,楽天Ｗベア,東証,2016/8/19,0:0:0,10850,11010,10800,10880,126380
14590,楽天Ｗベア,東証,2016/8/22,0:0:0,10820,10900,10770,10830,62041
14590,楽天Ｗベア,東証,2016/8/23,0:0:0,10870,11010,10740,10950,134732
14590,楽天Ｗベア,東証,2016/8/24,0:0:0,10820,10890,10760,10840,100995
14590,楽天Ｗベア,東証,2016/8/25,0:0:0,10840,10910,10780,10860,63968
14590,楽天Ｗベア,東証,2016/8/26,0:0:0,10940,11160,10940,11110,93191
14590,楽天Ｗベア,東証,2016/8/29,0:0:0,10690,10700,10560,10580,121712
14590,楽天Ｗベア,東証,2016/8/30,0:0:0,10630,10670,10580,10590,51755
14590,楽天Ｗベア,東証,2016/8/31,0:0:0,10450,10470,10370,10410,101625
14590,楽天Ｗベア,東証,2016/9/1,0:0:0,10430,10440,10350,10370,59695
14590,楽天Ｗベア,東証,2016/9/2,0:0:0,10400,10450,10350,10380,83094
14590,楽天Ｗベア,東証,2016/9/5,0:0:0,10100,10260,10080,10250,106262
14590,楽天Ｗベア,東証,2016/9/6,0:0:0,10220,10240,10150,10180,47105
14590,楽天Ｗベア,東証,2016/9/7,0:0:0,10370,10390,10240,10260,78345
14590,楽天Ｗベア,東証,2016/9/8,0:0:0,10270,10470,10260,10320,59161
14590,楽天Ｗベア,東証,2016/9/9,0:0:0,10280,10390,10240,10290,69402
14590,楽天Ｗベア,東証,2016/9/12,0:0:0,10550,10750,10500,10670,153281
14590,楽天Ｗベア,東証,2016/9/13,0:0:0,10530,10680,10510,10600,115475
14590,楽天Ｗベア,東証,2016/9/14,0:0:0,10730,10770,10610,10740,121687
14590,楽天Ｗベア,東証,2016/9/15,0:0:0,10850,11080,10850,11010,140613
14590,楽天Ｗベア,東証,2016/9/16,0:0:0,10940,11000,10840,10860,70534
14590,楽天Ｗベア,東証,2016/9/20,0:0:0,11000,11010,10760,10910,109554
14590,楽天Ｗベア,東証,2016/9/21,0:0:0,10950,11080,10460,10470,274328
14590,楽天Ｗベア,東証,2016/9/23,0:0:0,10500,10580,10470,10560,108969
14590,楽天Ｗベア,東証,2016/9/26,0:0:0,10600,10840,10590,10820,175458
14590,楽天Ｗベア,東証,2016/9/27,0:0:0,10990,11140,10640,10650,304444
14590,楽天Ｗベア,東証,2016/9/28,0:0:0,10730,10850,10690,10760,172730
14590,楽天Ｗベア,東証,2016/9/29,0:0:0,10560,10580,10370,10440,230747
14590,楽天Ｗベア,東証,2016/9/30,0:0:0,10680,10800,10680,10730,244912
14590,楽天Ｗベア,東証,2016/10/3,0:0:0,10550,10580,10470,10540,135700
14590,楽天Ｗベア,東証,2016/10/4,0:0:0,10460,10490,10350,10390,197110
14590,楽天Ｗベア,東証,2016/10/5,0:0:0,10300,10380,10220,10270,177005
14590,楽天Ｗベア,東証,2016/10/6,0:0:0,10120,10170,10060,10150,138392
14590,楽天Ｗベア,東証,2016/10/7,0:0:0,10160,10250,10150,10200,80714
14590,楽天Ｗベア,東証,2016/10/11,0:0:0,10090,10110,9940,9990,164130
14590,楽天Ｗベア,東証,2016/10/12,0:0:0,10180,10210,10080,10200,134184
14590,楽天Ｗベア,東証,2016/10/13,0:0:0,10110,10340,10050,10300,211760
14590,楽天Ｗベア,東証,2016/10/14,0:0:0,10330,10350,10190,10190,120952
14590,楽天Ｗベア,東証,2016/10/17,0:0:0,10200,10250,10090,10130,106705
14590,楽天Ｗベア,東証,2016/10/18,0:0:0,10170,10210,10060,10080,102112
14590,楽天Ｗベア,東証,2016/10/19,0:0:0,10070,10100,10000,10020,94288
14590,楽天Ｗベア,東証,2016/10/20,0:0:0,10030,10040,9750,9760,216887
14590,楽天Ｗベア,東証,2016/10/21,0:0:0,9690,9830,9670,9790,135071
14590,楽天Ｗベア,東証,2016/10/24,0:0:0,9720,9820,9720,9750,66425
14590,楽天Ｗベア,東証,2016/10/25,0:0:0,9660,9660,9570,9580,91088
14590,楽天Ｗベア,東証,2016/10/26,0:0:0,9630,9670,9570,9570,53450
14590,楽天Ｗベア,東証,2016/10/27,0:0:0,9600,9690,9530,9630,62326
14590,楽天Ｗベア,東証,2016/10/28,0:0:0,9500,9550,9480,9510,96906
14590,楽天Ｗベア,東証,2016/10/31,0:0:0,9580,9630,9520,9520,64848
14590,楽天Ｗベア,東証,2016/11/1,0:0:0,9550,9620,9450,9520,75946
14590,楽天Ｗベア,東証,2016/11/2,0:0:0,9730,9900,9680,9830,216098
14590,楽天Ｗベア,東証,2016/11/4,0:0:0,10020,10220,10000,10110,308500
14590,楽天Ｗベア,東証,2016/11/7,0:0:0,9770,9920,9760,9760,162530
14590,楽天Ｗベア,東証,2016/11/8,0:0:0,9690,9830,9690,9780,111390
14590,楽天Ｗベア,東証,2016/11/9,0:0:0,9630,10990,9480,10790,1280114
14590,楽天Ｗベア,東証,2016/11/10,0:0:0,9550,9680,9290,9380,500109
14590,楽天Ｗベア,東証,2016/11/11,0:0:0,9200,9390,9080,9330,311908
14590,楽天Ｗベア,東証,2016/11/14,0:0:0,9230,9240,8990,9010,217159
14590,楽天Ｗベア,東証,2016/11/15,0:0:0,9000,9090,8960,9010,128571
14590,楽天Ｗベア,東証,2016/11/16,0:0:0,8820,8880,8800,8810,138933
14590,楽天Ｗベア,東証,2016/11/17,0:0:0,8900,8920,8810,8810,114337
14590,楽天Ｗベア,東証,2016/11/18,0:0:0,8650,8710,8630,8690,147843
14590,楽天Ｗベア,東証,2016/11/21,0:0:0,8650,8690,8560,8590,108061
14590,楽天Ｗベア,東証,2016/11/22,0:0:0,8600,8640,8510,8520,99641
14590,楽天Ｗベア,東証,2016/11/24,0:0:0,8370,8390,8330,8360,123345
14590,楽天Ｗベア,東証,2016/11/25,0:0:0,8300,8410,8240,8310,201258
14590,楽天Ｗベア,東証,2016/11/28,0:0:0,8390,8470,8330,8360,179901
14590,楽天Ｗベア,東証,2016/11/29,0:0:0,8460,8460,8370,8390,90695
14590,楽天Ｗベア,東証,2016/11/30,0:0:0,8350,8420,8330,8410,67541
14590,楽天Ｗベア,東証,2016/12/1,0:0:0,8160,8250,7990,8200,267578
14590,楽天Ｗベア,東証,2016/12/2,0:0:0,8270,8390,8240,8280,162403
14590,楽天Ｗベア,東証,2016/12/5,0:0:0,8360,8470,8330,8440,161379
14590,楽天Ｗベア,東証,2016/12/6,0:0:0,8220,8390,8220,8330,98039
14590,楽天Ｗベア,東証,2016/12/7,0:0:0,8270,8290,8210,8210,110637
14590,楽天Ｗベア,東証,2016/12/8,0:0:0,8060,8120,7980,7990,179472
14590,楽天Ｗベア,東証,2016/12/9,0:0:0,7950,7950,7740,7750,232652
14590,楽天Ｗベア,東証,2016/12/12,0:0:0,7600,7730,7550,7630,219603
14590,楽天Ｗベア,東証,2016/12/13,0:0:0,7700,7720,7560,7570,162659
14590,楽天Ｗベア,東証,2016/12/14,0:0:0,7540,7620,7540,7570,93834
14590,楽天Ｗベア,東証,2016/12/15,0:0:0,7510,7610,7410,7530,170581
14590,楽天Ｗベア,東証,2016/12/16,0:0:0,7420,7480,7410,7440,97589
14590,楽天Ｗベア,東証,2016/12/19,0:0:0,7500,7520,7440,7460,80811
14590,楽天Ｗベア,東証,2016/12/20,0:0:0,7470,7480,7360,7360,89112
14590,楽天Ｗベア,東証,2016/12/21,0:0:0,7320,7470,7300,7410,93548
14590,楽天Ｗベア,東証,2016/12/22,0:0:0,7440,7510,7430,7440,73035
14590,楽天Ｗベア,東証,2016/12/26,0:0:0,7440,7450,7420,7440,65890
14590,楽天Ｗベア,東証,2016/12/27,0:0:0,7460,7480,7380,7430,96838
14590,楽天Ｗベア,東証,2016/12/28,0:0:0,7420,7450,7380,7400,55764
14590,楽天Ｗベア,東証,2016/12/29,0:0:0,7480,7660,7480,7600,165241
14590,楽天Ｗベア,東証,2016/12/30,0:0:0,7730,7740,7580,7640,160726
14590,楽天Ｗベア,東証,2017/1/4,0:0:0,7510,7510,7250,7250,206443
14590,楽天Ｗベア,東証,2017/1/5,0:0:0,7240,7350,7240,7290,155649
14590,楽天Ｗベア,東証,2017/1/6,0:0:0,7440,7450,7340,7340,119425
14590,楽天Ｗベア,東証,2017/1/10,0:0:0,7400,7510,7330,7460,161991
14590,楽天Ｗベア,東証,2017/1/11,0:0:0,7420,7450,7390,7410,96600
14590,楽天Ｗベア,東証,2017/1/12,0:0:0,7500,7650,7480,7600,186267
14590,楽天Ｗベア,東証,2017/1/13,0:0:0,7570,7590,7460,7470,140232
14590,楽天Ｗベア,東証,2017/1/16,0:0:0,7530,7650,7500,7610,200201
14590,楽天Ｗベア,東証,2017/1/17,0:0:0,7650,7850,7650,7840,249519
14590,楽天Ｗベア,東証,2017/1/18,0:0:0,7900,7990,7740,7770,326519
14590,楽天Ｗベア,東証,2017/1/19,0:0:0,7620,7720,7590,7620,176726
14590,楽天Ｗベア,東証,2017/1/20,0:0:0,7650,7660,7540,7560,113199
14590,楽天Ｗベア,東証,2017/1/23,0:0:0,7710,7790,7670,7770,158279
14590,楽天Ｗベア,東証,2017/1/24,0:0:0,7850,7870,7760,7840,188116
14590,楽天Ｗベア,東証,2017/1/25,0:0:0,7600,7700,7570,7640,118601
14590,楽天Ｗベア,東証,2017/1/26,0:0:0,7490,7500,7350,7360,158374
14590,楽天Ｗベア,東証,2017/1/27,0:0:0,7320,7360,7290,7310,112812
14590,楽天Ｗベア,東証,2017/1/30,0:0:0,7380,7430,7360,7380,97424
14590,楽天Ｗベア,東証,2017/1/31,0:0:0,7560,7630,7510,7610,210027
14590,楽天Ｗベア,東証,2017/2/1,0:0:0,7720,7730,7530,7540,145362
14590,楽天Ｗベア,東証,2017/2/2,0:0:0,7520,7760,7520,7720,171147
14590,楽天Ｗベア,東証,2017/2/3,0:0:0,7630,7800,7600,7720,238442
14590,楽天Ｗベア,東証,2017/2/6,0:0:0,7580,7740,7570,7660,125717
14590,楽天Ｗベア,東証,2017/2/7,0:0:0,7790,7810,7680,7720,109351
14590,楽天Ｗベア,東証,2017/2/8,0:0:0,7700,7750,7650,7650,79302
14590,楽天Ｗベア,東証,2017/2/9,0:0:0,7700,7760,7660,7720,104527
14590,楽天Ｗベア,東証,2017/2/10,0:0:0,7450,7490,7320,7330,219221
14590,楽天Ｗベア,東証,2017/2/13,0:0:0,7250,7320,7230,7270,130220
14590,楽天Ｗベア,東証,2017/2/14,0:0:0,7250,7450,7240,7440,186323
14590,楽天Ｗベア,東証,2017/2/15,0:0:0,7290,7300,7240,7290,114185
14590,楽天Ｗベア,東証,2017/2/16,0:0:0,7300,7430,7300,7360,135537
14590,楽天Ｗベア,東証,2017/2/17,0:0:0,7440,7490,7410,7440,109886
14590,楽天Ｗベア,東証,2017/2/20,0:0:0,7480,7540,7410,7420,86990
14590,楽天Ｗベア,東証,2017/2/21,0:0:0,7400,7420,7320,7330,55609
14590,楽天Ｗベア,東証,2017/2/22,0:0:0,7300,7370,7300,7330,76229
14590,楽天Ｗベア,東証,2017/2/23,0:0:0,7340,7420,7330,7330,73905
14590,楽天Ｗベア,東証,2017/2/24,0:0:0,7430,7450,7320,7390,96699
14590,楽天Ｗベア,東証,2017/2/27,0:0:0,7490,7620,7470,7520,160574
14590,楽天Ｗベア,東証,2017/2/28,0:0:0,7450,7520,7410,7510,126264
14590,楽天Ｗベア,東証,2017/3/1,0:0:0,7450,7490,7290,7300,256357
14590,楽天Ｗベア,東証,2017/3/2,0:0:0,7140,7180,7100,7180,152798
14590,楽天Ｗベア,東証,2017/3/3,0:0:0,7200,7290,7160,7240,128335
14590,楽天Ｗベア,東証,2017/3/6,0:0:0,7290,7340,7280,7310,106677
14590,楽天Ｗベア,東証,2017/3/7,0:0:0,7340,7360,7310,7340,74667
14590,楽天Ｗベア,東証,2017/3/8,0:0:0,7350,7450,7350,7410,100150
14590,楽天Ｗベア,東証,2017/3/9,0:0:0,7340,7400,7320,7350,88091
14590,楽天Ｗベア,東証,2017/3/10,0:0:0,7250,7260,7120,7120,244638
14590,楽天Ｗベア,東証,2017/3/13,0:0:0,7170,7190,7090,7110,106091
14590,楽天Ｗベア,東証,2017/3/14,0:0:0,7100,7140,7100,7130,62792
14590,楽天Ｗベア,東証,2017/3/15,0:0:0,7190,7210,7140,7140,84182
14590,楽天Ｗベア,東証,2017/3/16,0:0:0,7240,7250,7120,7140,127191
14590,楽天Ｗベア,東証,2017/3/17,0:0:0,7210,7230,7180,7180,90542
14590,楽天Ｗベア,東証,2017/3/21,0:0:0,7270,7340,7220,7240,161963
14590,楽天Ｗベア,東証,2017/3/22,0:0:0,7510,7570,7450,7550,201877
14590,楽天Ｗベア,東証,2017/3/23,0:0:0,7530,7610,7510,7510,126574
14590,楽天Ｗベア,東証,2017/3/24,0:0:0,7530,7540,7350,7370,169052
14590,楽天Ｗベア,東証,2017/3/27,0:0:0,7520,7640,7510,7600,157268
14590,楽天Ｗベア,東証,2017/3/28,0:0:0,7460,7500,7420,7430,195712
14590,楽天Ｗベア,東証,2017/3/29,0:0:0,7310,7350,7280,7310,141937
14590,楽天Ｗベア,東証,2017/3/30,0:0:0,7350,7440,7300,7420,105338
14590,楽天Ｗベア,東証,2017/3/31,0:0:0,7330,7520,7300,7510,151099
14590,楽天Ｗベア,東証,2017/4/3,0:0:0,7480,7530,7410,7460,119215
14590,楽天Ｗベア,東証,2017/4/4,0:0:0,7520,7690,7500,7600,272932
14590,楽天Ｗベア,東証,2017/4/5,0:0:0,7530,7640,7500,7560,119321
14590,楽天Ｗベア,東証,2017/4/6,0:0:0,7660,7840,7630,7780,236860
14590,楽天Ｗベア,東証,2017/4/7,0:0:0,7670,7860,7630,7720,407393
14590,楽天Ｗベア,東証,2017/4/10,0:0:0,7630,7650,7570,7610,230402
14590,楽天Ｗベア,東証,2017/4/11,0:0:0,7700,7730,7640,7660,268554
14590,楽天Ｗベア,東証,2017/4/12,0:0:0,7790,7890,7780,7830,298743
14590,楽天Ｗベア,東証,2017/4/13,0:0:0,7950,8020,7900,7930,269217
14590,楽天Ｗベア,東証,2017/4/14,0:0:0,7970,8040,7930,8010,271287
14590,楽天Ｗベア,東証,2017/4/17,0:0:0,8100,8100,7980,7990,261093
14590,楽天Ｗベア,東証,2017/4/18,0:0:0,7860,7980,7820,7920,224990
14590,楽天Ｗベア,東証,2017/4/19,0:0:0,8000,8010,7880,7920,107630
14590,楽天Ｗベア,東証,2017/4/20,0:0:0,7910,7920,7840,7920,127728
14590,楽天Ｗベア,東証,2017/4/21,0:0:0,7790,7830,7730,7750,151022
14590,楽天Ｗベア,東証,2017/4/24,0:0:0,7530,7570,7520,7530,170583
14590,楽天Ｗベア,東証,2017/4/25,0:0:0,7550,7550,7350,7390,150347
14590,楽天Ｗベア,東証,2017/4/26,0:0:0,7290,7300,7220,7220,123302
14590,楽天Ｗベア,東証,2017/4/27,0:0:0,7290,7290,7230,7250,64988
14590,楽天Ｗベア,東証,2017/4/28,0:0:0,7260,7310,7230,7290,87524
14590,楽天Ｗベア,東証,2017/5/1,0:0:0,7270,7280,7200,7200,93944
14590,楽天Ｗベア,東証,2017/5/2,0:0:0,7170,7180,7080,7090,159511
14590,楽天Ｗベア,東証,2017/5/8,0:0:0,6880,6900,6740,6770,305964
14590,楽天Ｗベア,東証,2017/5/9,0:0:0,6770,6810,6750,6800,107848
14590,楽天Ｗベア,東証,2017/5/10,0:0:0,6780,6790,6730,6750,66408
14590,楽天Ｗベア,東証,2017/5/11,0:0:0,6730,6760,6700,6710,64346
14590,楽天Ｗベア,東証,2017/5/12,0:0:0,6750,6830,6740,6780,108529
14590,楽天Ｗベア,東証,2017/5/15,0:0:0,6860,6870,6780,6780,92621
14590,楽天Ｗベア,東証,2017/5/16,0:0:0,6730,6790,6700,6760,86538
14590,楽天Ｗベア,東証,2017/5/17,0:0:0,6840,6860,6800,6830,126555
14590,楽天Ｗベア,東証,2017/5/18,0:0:0,7010,7080,6960,7010,262512
14590,楽天Ｗベア,東証,2017/5/19,0:0:0,6970,7040,6950,6970,118428
14590,楽天Ｗベア,東証,2017/5/22,0:0:0,6900,6960,6880,6910,65094
14590,楽天Ｗベア,東証,2017/5/23,0:0:0,6950,6980,6900,6950,48422
14590,楽天Ｗベア,東証,2017/5/24,0:0:0,6850,6910,6840,6860,75970
14590,楽天Ｗベア,東証,2017/5/25,0:0:0,6890,6890,6790,6830,93502
14590,楽天Ｗベア,東証,2017/5/26,0:0:0,6840,6910,6830,6890,53262
14590,楽天Ｗベア,東証,2017/5/29,0:0:0,6910,6950,6870,6900,58610
14590,楽天Ｗベア,東証,2017/5/30,0:0:0,6910,6990,6900,6920,85598
14590,楽天Ｗベア,東証,2017/5/31,0:0:0,6960,6980,6910,6930,65697
14590,楽天Ｗベア,東証,2017/6/1,0:0:0,6920,6920,6760,6780,181133
14590,楽天Ｗベア,東証,2017/6/2,0:0:0,6720,6720,6520,6560,312972
14590,楽天Ｗベア,東証,2017/6/5,0:0:0,6610,6620,6530,6570,106363
14590,楽天Ｗベア,東証,2017/6/6,0:0:0,6590,6720,6580,6690,157004
14590,楽天Ｗベア,東証,2017/6/7,0:0:0,6710,6740,6660,6690,70273
14590,楽天Ｗベア,東証,2017/6/8,0:0:0,6650,6750,6630,6740,160072
14590,楽天Ｗベア,東証,2017/6/9,0:0:0,6700,6730,6610,6670,99353
14590,楽天Ｗベア,東証,2017/6/12,0:0:0,6740,6790,6710,6750,86247
14590,楽天Ｗベア,東証,2017/6/13,0:0:0,6780,6780,6720,6740,60496
14590,楽天Ｗベア,東証,2017/6/14,0:0:0,6690,6760,6670,6760,58669
14590,楽天Ｗベア,東証,2017/6/15,0:0:0,6790,6850,6700,6800,149308
14590,楽天Ｗベア,東証,2017/6/16,0:0:0,6730,6750,6670,6710,171320
14590,楽天Ｗベア,東証,2017/6/19,0:0:0,6700,6720,6620,6630,125752
14590,楽天Ｗベア,東証,2017/6/20,0:0:0,6530,6530,6460,6510,212419
14590,楽天Ｗベア,東証,2017/6/21,0:0:0,6560,6600,6530,6580,105643
14590,楽天Ｗベア,東証,2017/6/22,0:0:0,6580,6610,6550,6590,78941
14590,楽天Ｗベア,東証,2017/6/23,0:0:0,6590,6610,6580,6580,52122
14590,楽天Ｗベア,東証,2017/6/26,0:0:0,6590,6600,6540,6580,35693
14590,楽天Ｗベア,東証,2017/6/27,0:0:0,6510,6560,6510,6530,95311
14590,楽天Ｗベア,東証,2017/6/28,0:0:0,6570,6580,6510,6570,97169
14590,楽天Ｗベア,東証,2017/6/29,0:0:0,6490,6530,6470,6520,132804
14590,楽天Ｗベア,東証,2017/6/30,0:0:0,6630,6690,6620,6640,164024
14590,楽天Ｗベア,東証,2017/7/3,0:0:0,6630,6640,6590,6620,82156
14590,楽天Ｗベア,東証,2017/7/4,0:0:0,6530,6680,6520,6630,119809
14590,楽天Ｗベア,東証,2017/7/5,0:0:0,6640,6730,6600,6600,184750
14590,楽天Ｗベア,東証,2017/7/6,0:0:0,6610,6690,6600,6660,110475
14590,楽天Ｗベア,東証,2017/7/7,0:0:0,6740,6750,6670,6700,176095
14590,楽天Ｗベア,東証,2017/7/10,0:0:0,6610,6640,6560,6590,111511
14590,楽天Ｗベア,東証,2017/7/11,0:0:0,6610,6610,6520,6530,96646
14590,楽天Ｗベア,東証,2017/7/12,0:0:0,6560,6610,6550,6590,79662
14590,楽天Ｗベア,東証,2017/7/13,0:0:0,6550,6610,6540,6580,69572
14590,楽天Ｗベア,東証,2017/7/14,0:0:0,6580,6590,6550,6570,54813
14590,楽天Ｗベア,東証,2017/7/18,0:0:0,6610,6690,6600,6660,111111
14590,楽天Ｗベア,東証,2017/7/19,0:0:0,6680,6680,6630,6640,73648
14590,楽天Ｗベア,東証,2017/7/20,0:0:0,6630,6640,6550,6570,87760
14590,楽天Ｗベア,東証,2017/7/21,0:0:0,6600,6600,6570,6600,51442
14590,楽天Ｗベア,東証,2017/7/24,0:0:0,6660,6720,6650,6670,190580
14590,楽天Ｗベア,東証,2017/7/25,0:0:0,6660,6700,6630,6680,67237
14590,楽天Ｗベア,東証,2017/7/26,0:0:0,6590,6640,6570,6610,106702
14590,楽天Ｗベア,東証,2017/7/27,0:0:0,6640,6650,6540,6600,147689
14590,楽天Ｗベア,東証,2017/7/28,0:0:0,6620,6700,6620,6680,134958
14590,楽天Ｗベア,東証,2017/7/31,0:0:0,6680,6710,6660,6690,80725
14590,楽天Ｗベア,東証,2017/8/1,0:0:0,6690,6700,6650,6670,95370
14590,楽天Ｗベア,東証,2017/8/2,0:0:0,6610,6630,6570,6600,141532
14590,楽天Ｗベア,東証,2017/8/3,0:0:0,6610,6660,6600,6630,84471
14590,楽天Ｗベア,東証,2017/8/4,0:0:0,6680,6690,6660,6670,101469
14590,楽天Ｗベア,東証,2017/8/7,0:0:0,6610,6630,6590,6610,77124
14590,楽天Ｗベア,東証,2017/8/8,0:0:0,6620,6670,6590,6660,64124
14590,楽天Ｗベア,東証,2017/8/9,0:0:0,6700,6880,6690,6830,348948
14590,楽天Ｗベア,東証,2017/8/10,0:0:0,6790,6860,6750,6820,113119
14590,楽天Ｗベア,東証,2017/8/14,0:0:0,6960,6990,6920,6970,242607
14590,楽天Ｗベア,東証,2017/8/15,0:0:0,6850,6860,6750,6810,192968
14590,楽天Ｗベア,東証,2017/8/16,0:0:0,6810,6830,6790,6810,62174
14590,楽天Ｗベア,東証,2017/8/17,0:0:0,6840,6860,6820,6840,91335
14590,楽天Ｗベア,東証,2017/8/18,0:0:0,7000,7030,6950,7000,190880
14590,楽天Ｗベア,東証,2017/8/21,0:0:0,6990,7080,6980,7060,115794
14590,楽天Ｗベア,東証,2017/8/22,0:0:0,7070,7080,7030,7050,78461
14590,楽天Ｗベア,東証,2017/8/23,0:0:0,6940,7050,6930,7020,111196
14590,楽天Ｗベア,東証,2017/8/24,0:0:0,7080,7090,7030,7090,67534
14590,楽天Ｗベア,東証,2017/8/25,0:0:0,7050,7070,6990,7000,123185
14590,楽天Ｗベア,東証,2017/8/28,0:0:0,6990,7030,6950,7010,76924
14590,楽天Ｗベア,東証,2017/8/29,0:0:0,7110,7130,7060,7070,210885
14590,楽天Ｗベア,東証,2017/8/30,0:0:0,6990,7020,6940,6960,192550
14590,楽天Ｗベア,東証,2017/8/31,0:0:0,6910,6910,6830,6850,144985
14590,楽天Ｗベア,東証,2017/9/1,0:0:0,6800,6880,6790,6830,84131
14590,楽天Ｗベア,東証,2017/9/4,0:0:0,6890,6980,6880,6960,161701
14590,楽天Ｗベア,東証,2017/9/5,0:0:0,6930,7060,6920,7050,209059
14590,楽天Ｗベア,東証,2017/9/6,0:0:0,7120,7140,7060,7060,177868
14590,楽天Ｗベア,東証,2017/9/7,0:0:0,7000,7070,6970,7050,144459
14590,楽天Ｗベア,東証,2017/9/8,0:0:0,7070,7160,7070,7140,206154
14590,楽天Ｗベア,東証,2017/9/11,0:0:0,7000,7010,6910,6920,239208
14590,楽天Ｗベア,東証,2017/9/12,0:0:0,6790,6810,6750,6760,208777
14590,楽天Ｗベア,東証,2017/9/13,0:0:0,6690,6720,6680,6690,108518
14590,楽天Ｗベア,東証,2017/9/14,0:0:0,6700,6750,6660,6740,99987
14590,楽天Ｗベア,東証,2017/9/15,0:0:0,6760,6760,6650,6660,121104
14590,楽天Ｗベア,東証,2017/9/19,0:0:0,6510,6520,6390,6400,311516
14590,楽天Ｗベア,東証,2017/9/20,0:0:0,6410,6420,6370,6400,96326
14590,楽天Ｗベア,東証,2017/9/21,0:0:0,6300,6380,6280,6360,136553
14590,楽天Ｗベア,東証,2017/9/22,0:0:0,6350,6430,6320,6400,115101
14590,楽天Ｗベア,東証,2017/9/25,0:0:0,6310,6360,6300,6350,84392
14590,楽天Ｗベア,東証,2017/9/26,0:0:0,6360,6400,6350,6390,113292
14590,楽天Ｗベア,東証,2017/9/27,0:0:0,6350,6370,6320,6320,83611
14590,楽天Ｗベア,東証,2017/9/28,0:0:0,6260,6320,6240,6280,113239
14590,楽天Ｗベア,東証,2017/9/29,0:0:0,6310,6330,6270,6280,96100
14590,楽天Ｗベア,東証,2017/10/2,0:0:0,6260,6280,6240,6250,61638
14590,楽天Ｗベア,東証,2017/10/3,0:0:0,6210,6230,6110,6120,175004
14590,楽天Ｗベア,東証,2017/10/4,0:0:0,6100,6140,6070,6120,109010
14590,楽天Ｗベア,東証,2017/10/5,0:0:0,6100,6130,6090,6110,67954
14590,楽天Ｗベア,東証,2017/10/6,0:0:0,6070,6090,6060,6070,95825
14590,楽天Ｗベア,東証,2017/10/10,0:0:0,6080,6090,5990,5990,130897
14590,楽天Ｗベア,東証,2017/10/11,0:0:0,6000,6020,5950,5960,86941
14590,楽天Ｗベア,東証,2017/10/12,0:0:0,5910,5940,5900,5910,102796
14590,楽天Ｗベア,東証,2017/10/13,0:0:0,5920,5940,5770,5790,206138
14590,楽天Ｗベア,東証,2017/10/16,0:0:0,5760,5780,5700,5750,97155
14590,楽天Ｗベア,東証,2017/10/17,0:0:0,5700,5770,5670,5700,133921
14590,楽天Ｗベア,東証,2017/10/18,0:0:0,5690,5720,5670,5690,93163
14590,楽天Ｗベア,東証,2017/10/19,0:0:0,5640,5690,5610,5650,136329
14590,楽天Ｗベア,東証,2017/10/20,0:0:0,5690,5690,5620,5640,114777
14590,楽天Ｗベア,東証,2017/10/23,0:0:0,5500,5560,5500,5510,180132
14590,楽天Ｗベア,東証,2017/10/24,0:0:0,5540,5540,5450,5460,120870
14590,楽天Ｗベア,東証,2017/10/25,0:0:0,5400,5540,5390,5510,176047
14590,楽天Ｗベア,東証,2017/10/26,0:0:0,5500,5510,5460,5500,87532
14590,楽天Ｗベア,東証,2017/10/27,0:0:0,5420,5450,5340,5360,180566
14590,楽天Ｗベア,東証,2017/10/30,0:0:0,5320,5390,5310,5350,112623
14590,楽天Ｗベア,東証,2017/10/31,0:0:0,5430,5440,5350,5360,95290
14590,楽天Ｗベア,東証,2017/11/1,0:0:0,5260,5270,5130,5140,208986
14590,楽天Ｗベア,東証,2017/11/2,0:0:0,5100,5170,5090,5090,124104
14590,楽天Ｗベア,東証,2017/11/6,0:0:0,5050,5150,5040,5090,127144
14590,楽天Ｗベア,東証,2017/11/7,0:0:0,5100,5120,4905,4915,286129
14590,楽天Ｗベア,東証,2017/11/8,0:0:0,4955,4995,4920,4920,212784
14590,楽天Ｗベア,東証,2017/11/9,0:0:0,4885,5100,4725,4950,588962
14590,楽天Ｗベア,東証,2017/11/10,0:0:0,5050,5100,5000,5030,250750
14590,楽天Ｗベア,東証,2017/11/13,0:0:0,5060,5160,5050,5150,174856
14590,楽天Ｗベア,東証,2017/11/14,0:0:0,5170,5180,5080,5140,158209
14590,楽天Ｗベア,東証,2017/11/15,0:0:0,5200,5320,5180,5300,304428
14590,楽天Ｗベア,東証,2017/11/16,0:0:0,5340,5350,5140,5150,267498
14590,楽天Ｗベア,東証,2017/11/17,0:0:0,5040,5180,4970,5130,312457
14590,楽天Ｗベア,東証,2017/11/20,0:0:0,5190,5230,5130,5200,166119
14590,楽天Ｗベア,東証,2017/11/21,0:0:0,5100,5130,5050,5120,150577
14590,楽天Ｗベア,東証,2017/11/22,0:0:0,5020,5080,5000,5070,130675
14590,楽天Ｗベア,東証,2017/11/24,0:0:0,5120,5140,5060,5060,114328
14590,楽天Ｗベア,東証,2017/11/27,0:0:0,5020,5130,5010,5090,123942
14590,楽天Ｗベア,東証,2017/11/28,0:0:0,5110,5150,5040,5090,98964
14590,楽天Ｗベア,東証,2017/11/29,0:0:0,5030,5070,5020,5030,110032
14590,楽天Ｗベア,東証,2017/11/30,0:0:0,5040,5090,4970,4980,124372
14590,楽天Ｗベア,東証,2017/12/1,0:0:0,4900,5010,4870,4935,222608
14590,楽天Ｗベア,東証,2017/12/4,0:0:0,4920,5000,4920,4995,137869
14590,楽天Ｗベア,東証,2017/12/5,0:0:0,5040,5080,5000,5040,184909
14590,楽天Ｗベア,東証,2017/12/6,0:0:0,5080,5260,5070,5230,315361
14590,楽天Ｗベア,東証,2017/12/7,0:0:0,5160,5160,5060,5080,386095
14590,楽天Ｗベア,東証,2017/12/8,0:0:0,5010,5050,4930,4930,714402
14590,楽天Ｗベア,東証,2017/12/11,0:0:0,4890,4940,4885,4890,133983
14590,楽天Ｗベア,東証,2017/12/12,0:0:0,4880,4925,4860,4900,132039
14590,楽天Ｗベア,東証,2017/12/13,0:0:0,4910,4985,4900,4950,136070
14590,楽天Ｗベア,東証,2017/12/14,0:0:0,4985,5010,4945,4990,155601
14590,楽天Ｗベア,東証,2017/12/15,0:0:0,5020,5080,4955,5040,283669
14590,楽天Ｗベア,東証,2017/12/18,0:0:0,4955,4960,4880,4880,360178
14590,楽天Ｗベア,東証,2017/12/19,0:0:0,4855,4910,4845,4895,158900
14590,楽天Ｗベア,東証,2017/12/20,0:0:0,4915,4930,4880,4885,162911
14590,楽天Ｗベア,東証,2017/12/21,0:0:0,4905,4965,4885,4905,155133
14590,楽天Ｗベア,東証,2017/12/22,0:0:0,4910,4930,4885,4885,196084
14590,楽天Ｗベア,東証,2017/12/25,0:0:0,4885,4900,4865,4870,85947
14590,楽天Ｗベア,東証,2017/12/26,0:0:0,4880,4900,4870,4890,88419
14590,楽天Ｗベア,東証,2017/12/27,0:0:0,4890,4890,4860,4870,144267
14590,楽天Ｗベア,東証,2017/12/28,0:0:0,4865,4950,4855,4935,172216
14590,楽天Ｗベア,東証,2017/12/29,0:0:0,4905,4940,4885,4930,187170
14590,楽天Ｗベア,東証,2018/1/4,0:0:0,4760,4760,4620,4620,463190
14590,楽天Ｗベア,東証,2018/1/5,0:0:0,4565,4615,4525,4525,400491
14590,楽天Ｗベア,東証,2018/1/9,0:0:0,4435,4505,4435,4480,253108
14590,楽天Ｗベア,東証,2018/1/10,0:0:0,4490,4520,4475,4500,172908
14590,楽天Ｗベア,東証,2018/1/11,0:0:0,4555,4575,4525,4535,297787
14590,楽天Ｗベア,東証,2018/1/12,0:0:0,4515,4580,4515,4555,180765
14590,楽天Ｗベア,東証,2018/1/15,0:0:0,4500,4545,4485,4530,167685
14590,楽天Ｗベア,東証,2018/1/16,0:0:0,4535,4540,4440,4445,323508
14590,楽天Ｗベア,東証,2018/1/17,0:0:0,4510,4525,4465,4475,324461
14590,楽天Ｗベア,東証,2018/1/18,0:0:0,4385,4535,4385,4510,416230
14590,楽天Ｗベア,東証,2018/1/19,0:0:0,4490,4525,4475,4495,273739
14590,楽天Ｗベア,東証,2018/1/22,0:0:0,4505,4540,4495,4495,166966
14590,楽天Ｗベア,東証,2018/1/23,0:0:0,4450,4455,4370,4375,311547
14590,楽天Ｗベア,東証,2018/1/24,0:0:0,4415,4455,4395,4440,279839
14590,楽天Ｗベア,東証,2018/1/25,0:0:0,4530,4555,4490,4540,334950
14590,楽天Ｗベア,東証,2018/1/26,0:0:0,4505,4575,4495,4560,260879
14590,楽天Ｗベア,東証,2018/1/29,0:0:0,4520,4580,4500,4560,280150
14590,楽天Ｗベア,東証,2018/1/30,0:0:0,4585,4715,4575,4695,609146
14590,楽天Ｗベア,東証,2018/1/31,0:0:0,4730,4760,4650,4760,470963
14590,楽天Ｗベア,東証,2018/2/1,0:0:0,4690,4715,4600,4605,379654
14590,楽天Ｗベア,東証,2018/2/2,0:0:0,4660,4750,4660,4690,490217
14590,楽天Ｗベア,東証,2018/2/5,0:0:0,4875,4940,4855,4925,688017
14590,楽天Ｗベア,東証,2018/2/6,0:0:0,5340,5630,5280,5400,1320462
14590,楽天Ｗベア,東証,2018/2/7,0:0:0,5070,5380,5020,5360,742409
14590,楽天Ｗベア,東証,2018/2/8,0:0:0,5330,5380,5210,5250,574388
14590,楽天Ｗベア,東証,2018/2/9,0:0:0,5630,5630,5490,5490,761266
14590,楽天Ｗベア,東証,2018/2/13,0:0:0,5350,5590,5340,5570,432904
14590,楽天Ｗベア,東証,2018/2/14,0:0:0,5550,5730,5500,5610,658729
14590,楽天Ｗベア,東証,2018/2/15,0:0:0,5480,5530,5380,5440,526356
14590,楽天Ｗベア,東証,2018/2/16,0:0:0,5380,5420,5240,5310,480695
14590,楽天Ｗベア,東証,2018/2/19,0:0:0,5240,5260,5100,5100,356545
14590,楽天Ｗベア,東証,2018/2/20,0:0:0,5140,5260,5140,5210,281602
14590,楽天Ｗベア,東証,2018/2/21,0:0:0,5210,5250,5110,5180,461618
14590,楽天Ｗベア,東証,2018/2/22,0:0:0,5280,5360,5270,5300,355479
14590,楽天Ｗベア,東証,2018/2/23,0:0:0,5260,5300,5220,5220,305894
14590,楽天Ｗベア,東証,2018/2/26,0:0:0,5090,5150,5050,5080,421532
14590,楽天Ｗベア,東証,2018/2/27,0:0:0,4980,5020,4930,4990,370584
14590,楽天Ｗベア,東証,2018/2/28,0:0:0,5040,5120,4985,5110,310889
14590,楽天Ｗベア,東証,2018/3/1,0:0:0,5200,5320,5190,5290,441168
14590,楽天Ｗベア,東証,2018/3/2,0:0:0,5550,5600,5500,5550,521319
14590,楽天Ｗベア,東証,2018/3/5,0:0:0,5620,5680,5550,5620,384121
14590,楽天Ｗベア,東証,2018/3/6,0:0:0,5400,5430,5350,5410,306234
14590,楽天Ｗベア,東証,2018/3/7,0:0:0,5510,5530,5380,5500,556180
14590,楽天Ｗベア,東証,2018/3/8,0:0:0,5400,5490,5370,5440,247236
14590,楽天Ｗベア,東証,2018/3/9,0:0:0,5320,5460,5170,5390,489503
14590,楽天Ｗベア,東証,2018/3/12,0:0:0,5170,5290,5130,5200,409449
14590,楽天Ｗベア,東証,2018/3/13,0:0:0,5260,5270,5140,5140,257643
14590,楽天Ｗベア,東証,2018/3/14,0:0:0,5230,5290,5180,5240,299841
14590,楽天Ｗベア,東証,2018/3/15,0:0:0,5280,5340,5210,5210,292881
14590,楽天Ｗベア,東証,2018/3/16,0:0:0,5200,5310,5190,5280,285328
14590,楽天Ｗベア,東証,2018/3/19,0:0:0,5350,5440,5290,5380,228888
14590,楽天Ｗベア,東証,2018/3/20,0:0:0,5460,5510,5430,5430,399937
14590,楽天Ｗベア,東証,2018/3/22,0:0:0,5430,5450,5320,5320,306603
14590,楽天Ｗベア,東証,2018/3/23,0:0:0,5640,5850,5610,5810,671101
14590,楽天Ｗベア,東証,2018/3/26,0:0:0,5910,5960,5720,5720,462374
14590,楽天Ｗベア,東証,2018/3/27,0:0:0,5600,5620,5410,5430,465115
14590,楽天Ｗベア,東証,2018/3/28,0:0:0,5570,5600,5460,5460,424585
14590,楽天Ｗベア,東証,2018/3/29,0:0:0,5360,5490,5320,5410,265686
14590,楽天Ｗベア,東証,2018/3/30,0:0:0,5280,5320,5210,5240,360980
14590,楽天Ｗベア,東証,2018/4/2,0:0:0,5260,5280,5170,5280,216163
14590,楽天Ｗベア,東証,2018/4/3,0:0:0,5440,5440,5300,5320,307606
14590,楽天Ｗベア,東証,2018/4/4,0:0:0,5250,5360,5250,5320,241543
14590,楽天Ｗベア,東証,2018/4/5,0:0:0,5190,5240,5100,5140,278653
14590,楽天Ｗベア,東証,2018/4/6,0:0:0,5150,5190,5100,5180,361666
14590,楽天Ｗベア,東証,2018/4/9,0:0:0,5200,5210,5100,5120,237134
14590,楽天Ｗベア,東証,2018/4/10,0:0:0,5160,5200,5010,5070,297843
14590,楽天Ｗベア,東証,2018/4/11,0:0:0,5050,5120,5040,5120,157591
14590,楽天Ｗベア,東証,2018/4/12,0:0:0,5130,5170,5110,5150,185178
14590,楽天Ｗベア,東証,2018/4/13,0:0:0,5050,5100,5020,5070,184179
14590,楽天Ｗベア,東証,2018/4/16,0:0:0,5040,5090,5030,5050,137219
14590,楽天Ｗベア,東証,2018/4/17,0:0:0,5070,5080,5020,5040,131296
14590,楽天Ｗベア,東証,2018/4/18,0:0:0,5020,5020,4885,4895,266123
14590,楽天Ｗベア,東証,2018/4/19,0:0:0,4865,4895,4815,4880,191425
14590,楽天Ｗベア,東証,2018/4/20,0:0:0,4910,4940,4860,4885,181668
14590,楽天Ｗベア,東証,2018/4/23,0:0:0,4895,4945,4880,4925,141326
14590,楽天Ｗベア,東証,2018/4/24,0:0:0,4865,4905,4840,4845,161587
14590,楽天Ｗベア,東証,2018/4/25,0:0:0,4915,4935,4870,4870,207927
14590,楽天Ｗベア,東証,2018/4/26,0:0:0,4825,4850,4800,4825,182926
14590,楽天Ｗベア,東証,2018/4/27,0:0:0,4800,4810,4750,4760,233342
14590,楽天Ｗベア,東証,2018/5/1,0:0:0,4765,4780,4740,4745,106791
14590,楽天Ｗベア,東証,2018/5/2,0:0:0,4720,4780,4720,4765,146291
14590,楽天Ｗベア,東証,2018/5/7,0:0:0,4750,4815,4745,4765,150878
14590,楽天Ｗベア,東証,2018/5/8,0:0:0,4785,4785,4720,4740,213766
14590,楽天Ｗベア,東証,2018/5/9,0:0:0,4770,4810,4755,4785,211101
14590,楽天Ｗベア,東証,2018/5/10,0:0:0,4750,4785,4735,4745,104883
14590,楽天Ｗベア,東証,2018/5/11,0:0:0,4715,4720,4630,4630,277620
14590,楽天Ｗベア,東証,2018/5/14,0:0:0,4635,4650,4585,4595,186381
14590,楽天Ｗベア,東証,2018/5/15,0:0:0,4585,4620,4580,4620,138881
14590,楽天Ｗベア,東証,2018/5/16,0:0:0,4655,4665,4625,4655,107753
14590,楽天Ｗベア,東証,2018/5/17,0:0:0,4615,4625,4590,4600,107453
14590,楽天Ｗベア,東証,2018/5/18,0:0:0,4575,4595,4560,4570,147824
14590,楽天Ｗベア,東証,2018/5/21,0:0:0,4565,4565,4520,4535,147564
14590,楽天Ｗベア,東証,2018/5/22,0:0:0,4535,4560,4530,4555,74062
14590,楽天Ｗベア,東証,2018/5/23,0:0:0,4590,4680,4565,4660,301622
14590,楽天Ｗベア,東証,2018/5/24,0:0:0,4690,4800,4685,4770,332830
14590,楽天Ｗベア,東証,2018/5/25,0:0:0,4800,4825,4735,4765,305158
14590,楽天Ｗベア,東証,2018/5/28,0:0:0,4750,4780,4720,4755,115302
14590,楽天Ｗベア,東証,2018/5/29,0:0:0,4775,4855,4770,4810,261373
14590,楽天Ｗベア,東証,2018/5/30,0:0:0,4960,4990,4920,4945,352504
14590,楽天Ｗベア,東証,2018/5/31,0:0:0,4875,4915,4845,4865,198295
14590,楽天Ｗベア,東証,2018/6/1,0:0:0,4895,4910,4810,4880,292698
14590,楽天Ｗベア,東証,2018/6/4,0:0:0,4785,4790,4725,4740,207428
14590,楽天Ｗベア,東証,2018/6/5,0:0:0,4705,4750,4690,4715,128577
14590,楽天Ｗベア,東証,2018/6/6,0:0:0,4720,4735,4670,4680,171317
14590,楽天Ｗベア,東証,2018/6/7,0:0:0,4615,4630,4585,4595,208394
14590,楽天Ｗベア,東証,2018/6/8,0:0:0,4610,4650,4580,4650,258451
14590,楽天Ｗベア,東証,2018/6/11,0:0:0,4655,4665,4590,4600,220758
14590,楽天Ｗベア,東証,2018/6/12,0:0:0,4535,4610,4520,4565,315539
14590,楽天Ｗベア,東証,2018/6/13,0:0:0,4570,4575,4530,4540,116171
14590,楽天Ｗベア,東証,2018/6/14,0:0:0,4590,4630,4565,4630,179350
14590,楽天Ｗベア,東証,2018/6/15,0:0:0,4565,4615,4565,4585,189665
14590,楽天Ｗベア,東証,2018/6/18,0:0:0,4600,4680,4600,4650,195352
14590,楽天Ｗベア,東証,2018/6/19,0:0:0,4695,4815,4675,4815,395849
14590,楽天Ｗベア,東証,2018/6/20,0:0:0,4780,4860,4680,4690,428196
14590,楽天Ｗベア,東証,2018/6/21,0:0:0,4710,4725,4590,4630,270068
14590,楽天Ｗベア,東証,2018/6/22,0:0:0,4740,4745,4700,4705,192966
14590,楽天Ｗベア,東証,2018/6/25,0:0:0,4690,4795,4685,4780,202122
14590,楽天Ｗベア,東証,2018/6/26,0:0:0,4870,4885,4765,4780,279677
14590,楽天Ｗベア,東証,2018/6/27,0:0:0,4775,4830,4760,4810,154005
14590,楽天Ｗベア,東証,2018/6/28,0:0:0,4820,4895,4785,4795,222778
14590,楽天Ｗベア,東証,2018/6/29,0:0:0,4770,4850,4770,4785,151085
14590,楽天Ｗベア,東証,2018/7/2,0:0:0,4820,5010,4780,5000,284576
14590,楽天Ｗベア,東証,2018/7/3,0:0:0,4955,5110,4940,5010,402615
14590,楽天Ｗベア,東証,2018/7/4,0:0:0,5070,5090,5010,5050,162004
14590,楽天Ｗベア,東証,2018/7/5,0:0:0,5050,5160,5030,5120,252842
14590,楽天Ｗベア,東証,2018/7/6,0:0:0,5060,5080,4960,4990,313330
14590,楽天Ｗベア,東証,2018/7/9,0:0:0,4960,4970,4855,4880,257498
14590,楽天Ｗベア,東証,2018/7/10,0:0:0,4810,4820,4765,4815,245132
14590,楽天Ｗベア,東証,2018/7/11,0:0:0,4890,5010,4880,4930,373971
14590,楽天Ｗベア,東証,2018/7/12,0:0:0,4880,4895,4795,4810,294231
14590,楽天Ｗベア,東証,2018/7/13,0:0:0,4695,4700,4595,4625,396358
14590,楽天Ｗベア,東証,2018/7/17,0:0:0,4635,4645,4540,4590,270627
14590,楽天Ｗベア,東証,2018/7/18,0:0:0,4505,4550,4495,4550,214749
14590,楽天Ｗベア,東証,2018/7/19,0:0:0,4515,4570,4505,4565,252259
14590,楽天Ｗベア,東証,2018/7/20,0:0:0,4580,4665,4525,4590,417053
14590,楽天Ｗベア,東証,2018/7/23,0:0:0,4680,4740,4670,4720,340077
14590,楽天Ｗベア,東証,2018/7/24,0:0:0,4650,4710,4645,4665,243661
14590,楽天Ｗベア,東証,2018/7/25,0:0:0,4625,4655,4610,4630,195300
14590,楽天Ｗベア,東証,2018/7/26,0:0:0,4615,4655,4610,4640,197983
14590,楽天Ｗベア,東証,2018/7/27,0:0:0,4615,4635,4590,4590,131232
14590,楽天Ｗベア,東証,2018/7/30,0:0:0,4630,4665,4615,4650,137424
14590,楽天Ｗベア,東証,2018/7/31,0:0:0,4685,4730,4595,4640,390031
14590,楽天Ｗベア,東証,2018/8/1,0:0:0,4595,4615,4555,4565,269328
14590,楽天Ｗベア,東証,2018/8/2,0:0:0,4590,4680,4560,4665,460648
14590,楽天Ｗベア,東証,2018/8/3,0:0:0,4605,4665,4605,4650,233786
14590,楽天Ｗベア,東証,2018/8/6,0:0:0,4640,4670,4615,4655,162153
14590,楽天Ｗベア,東証,2018/8/7,0:0:0,4640,4650,4590,4595,173902
14590,楽天Ｗベア,東証,2018/8/8,0:0:0,4600,4620,4540,4595,281207
14590,楽天Ｗベア,東証,2018/8/9,0:0:0,4625,4665,4605,4615,217835
14590,楽天Ｗベア,東証,2018/8/10,0:0:0,4620,4755,4615,4740,345400
14590,楽天Ｗベア,東証,2018/8/13,0:0:0,4825,4935,4815,4920,455257
14590,楽天Ｗベア,東証,2018/8/14,0:0:0,4850,4850,4715,4720,379777
14590,楽天Ｗベア,東証,2018/8/15,0:0:0,4705,4815,4700,4765,216265
14590,楽天Ｗベア,東証,2018/8/16,0:0:0,4890,4915,4755,4765,642953
14590,楽天Ｗベア,東証,2018/8/17,0:0:0,4725,4755,4710,4740,180264
14590,楽天Ｗベア,東証,2018/8/20,0:0:0,4750,4800,4735,4770,151751
14590,楽天Ｗベア,東証,2018/8/21,0:0:0,4800,4835,4730,4755,203071
14590,楽天Ｗベア,東証,2018/8/22,0:0:0,4765,4790,4695,4710,185232
14590,楽天Ｗベア,東証,2018/8/23,0:0:0,4680,4700,4660,4680,128643
14590,楽天Ｗベア,東証,2018/8/24,0:0:0,4650,4665,4605,4605,174993
14590,楽天Ｗベア,東証,2018/8/27,0:0:0,4570,4575,4505,4515,204852
14590,楽天Ｗベア,東証,2018/8/28,0:0:0,4455,4520,4440,4510,210281
14590,楽天Ｗベア,東証,2018/8/29,0:0:0,4510,4510,4450,4490,233574
14590,楽天Ｗベア,東証,2018/8/30,0:0:0,4430,4500,4420,4485,194259
14590,楽天Ｗベア,東証,2018/8/31,0:0:0,4550,4565,4480,4500,262769
14590,楽天Ｗベア,東証,2018/9/3,0:0:0,4510,4560,4505,4545,197745
14590,楽天Ｗベア,東証,2018/9/4,0:0:0,4530,4590,4530,4550,176261
14590,楽天Ｗベア,東証,2018/9/5,0:0:0,4565,4605,4555,4600,166486
14590,楽天Ｗベア,東証,2018/9/6,0:0:0,4640,4660,4615,4640,199118
14590,楽天Ｗベア,東証,2018/9/7,0:0:0,4690,4765,4690,4705,337498
14590,楽天Ｗベア,東証,2018/9/10,0:0:0,4730,4735,4675,4685,132894
14590,楽天Ｗベア,東証,2018/9/11,0:0:0,4645,4650,4560,4570,261339
14590,楽天Ｗベア,東証,2018/9/12,0:0:0,4550,4620,4545,4590,120765
14590,楽天Ｗベア,東証,2018/9/13,0:0:0,4575,4575,4485,4495,269263
14590,楽天Ｗベア,東証,2018/9/14,0:0:0,4430,4445,4385,4385,310733
14590,楽天Ｗベア,東証,2018/9/18,0:0:0,4405,4405,4240,4260,405109
14590,楽天Ｗベア,東証,2018/9/19,0:0:0,4135,4170,4110,4170,282192
14590,楽天Ｗベア,東証,2018/9/20,0:0:0,4145,4205,4125,4165,284384
14590,楽天Ｗベア,東証,2018/9/21,0:0:0,4100,4130,4060,4090,363473
14590,楽天Ｗベア,東証,2018/9/25,0:0:0,4100,4120,4070,4080,219528
14590,楽天Ｗベア,東証,2018/9/26,0:0:0,4050,4060,3990,3995,218272
14590,楽天Ｗベア,東証,2018/9/27,0:0:0,4025,4070,3970,4060,280820
14590,楽天Ｗベア,東証,2018/9/28,0:0:0,3975,3990,3900,3950,368211
14590,楽天Ｗベア,東証,2018/10/1,0:0:0,3930,3955,3890,3905,182726
14590,楽天Ｗベア,東証,2018/10/2,0:0:0,3870,3925,3850,3920,299469
14590,楽天Ｗベア,東証,2018/10/3,0:0:0,3925,3980,3905,3955,293403
14590,楽天Ｗベア,東証,2018/10/4,0:0:0,3910,4020,3905,4000,253729
14590,楽天Ｗベア,東証,2018/10/5,0:0:0,4070,4085,4010,4060,333875
14590,楽天Ｗベア,東証,2018/10/9,0:0:0,4150,4180,4125,4165,366406
14590,楽天Ｗベア,東証,2018/10/10,0:0:0,4145,4205,4125,4150,299401
14590,楽天Ｗベア,東証,2018/10/11,0:0:0,4430,4530,4385,4490,945148
14590,楽天Ｗベア,東証,2018/10/12,0:0:0,4540,4550,4425,4425,447225
14590,楽天Ｗベア,東証,2018/10/15,0:0:0,4520,4615,4515,4610,487295
14590,楽天Ｗベア,東証,2018/10/16,0:0:0,4600,4605,4495,4495,270697
14590,楽天Ｗベア,東証,2018/10/17,0:0:0,4365,4405,4325,4375,235238
14590,楽天Ｗベア,東証,2018/10/18,0:0:0,4365,4450,4355,4440,181044
14590,楽天Ｗベア,東証,2018/10/19,0:0:0,4580,4615,4475,4485,283148
14590,楽天Ｗベア,東証,2018/10/22,0:0:0,4550,4595,4440,4455,169138
14590,楽天Ｗベア,東証,2018/10/23,0:0:0,4550,4705,4550,4695,345894
14590,楽天Ｗベア,東証,2018/10/24,0:0:0,4625,4730,4600,4655,295915
14590,楽天Ｗベア,東証,2018/10/25,0:0:0,4955,5040,4900,5020,440199
14590,楽天Ｗベア,東証,2018/10/26,0:0:0,4920,5150,4905,5040,527361
14590,楽天Ｗベア,東証,2018/10/29,0:0:0,4975,5080,4910,5060,418404
14590,楽天Ｗベア,東証,2018/10/30,0:0:0,5130,5130,4855,4920,502786
14590,楽天Ｗベア,東証,2018/10/31,0:0:0,4825,4865,4705,4710,365639
14590,楽天Ｗベア,東証,2018/11/1,0:0:0,4760,4830,4725,4805,282990
14590,楽天Ｗベア,東証,2018/11/2,0:0:0,4740,4750,4520,4545,553770
14590,楽天Ｗベア,東証,2018/11/5,0:0:0,4680,4705,4630,4690,306138
14590,楽天Ｗベア,東証,2018/11/6,0:0:0,4630,4645,4575,4585,199060
14590,楽天Ｗベア,東証,2018/11/7,0:0:0,4575,4645,4460,4610,597561
14590,楽天Ｗベア,東証,2018/11/8,0:0:0,4435,4450,4400,4440,399992
14590,楽天Ｗベア,東証,2018/11/9,0:0:0,4450,4545,4440,4525,311279
14590,楽天Ｗベア,東証,2018/11/12,0:0:0,4590,4620,4500,4525,311008
14590,楽天Ｗベア,東証,2018/11/13,0:0:0,4760,4845,4705,4710,669576
14590,楽天Ｗベア,東証,2018/11/14,0:0:0,4695,4735,4635,4700,309964
14590,楽天Ｗベア,東証,2018/11/15,0:0:0,4770,4795,4705,4710,313059
14590,楽天Ｗベア,東証,2018/11/16,0:0:0,4705,4775,4680,4760,401357
14590,楽天Ｗベア,東証,2018/11/19,0:0:0,4775,4775,4685,4705,270533
14590,楽天Ｗベア,東証,2018/11/20,0:0:0,4825,4825,4755,4800,364968
14590,楽天Ｗベア,東証,2018/11/21,0:0:0,4950,4955,4815,4830,459655
14590,楽天Ｗベア,東証,2018/11/22,0:0:0,4800,4845,4755,4765,327314
14590,楽天Ｗベア,東証,2018/11/26,0:0:0,4765,4780,4690,4695,299964
14590,楽天Ｗベア,東証,2018/11/27,0:0:0,4625,4700,4620,4630,210912
14590,楽天Ｗベア,東証,2018/11/28,0:0:0,4585,4600,4530,4545,237509
14590,楽天Ｗベア,東証,2018/11/29,0:0:0,4455,4520,4440,4520,276185
14590,楽天Ｗベア,東証,2018/11/30,0:0:0,4505,4520,4465,4470,238064
14590,楽天Ｗベア,東証,2018/12/3,0:0:0,4355,4395,4335,4380,386011
14590,楽天Ｗベア,東証,2018/12/4,0:0:0,4395,4595,4380,4590,524390
14590,楽天Ｗベア,東証,2018/12/5,0:0:0,4720,4730,4615,4640,525080
14590,楽天Ｗベア,東証,2018/12/6,0:0:0,4695,4900,4685,4825,615728
14590,楽天Ｗベア,東証,2018/12/7,0:0:0,4735,4815,4710,4740,367114
14590,楽天Ｗベア,東証,2018/12/10,0:0:0,4930,4960,4895,4940,381115
14590,楽天Ｗベア,東証,2018/12/11,0:0:0,4915,5010,4905,4970,343364
14590,楽天Ｗベア,東証,2018/12/12,0:0:0,4885,4890,4735,4755,376888
14590,楽天Ｗベア,東証,2018/12/13,0:0:0,4685,4720,4635,4660,265262
14590,楽天Ｗベア,東証,2018/12/14,0:0:0,4725,4860,4685,4855,475258
14590,楽天Ｗベア,東証,2018/12/17,0:0:0,4840,4855,4760,4775,316965
14590,楽天Ｗベア,東証,2018/12/18,0:0:0,4915,4970,4860,4960,462682
14590,楽天Ｗベア,東証,2018/12/19,0:0:0,4965,5070,4935,5010,456526
14590,楽天Ｗベア,東証,2018/12/20,0:0:0,5110,5370,5080,5300,549722
14590,楽天Ｗベア,東証,2018/12/21,0:0:0,5360,5510,5330,5410,705978
14590,楽天Ｗベア,東証,2018/12/25,0:0:0,5850,5990,5800,5960,687287
14590,楽天Ｗベア,東証,2018/12/26,0:0:0,5760,6070,5690,5840,686696
14590,楽天Ｗベア,東証,2018/12/27,0:0:0,5370,5510,5290,5390,672939
14590,楽天Ｗベア,東証,2018/12/28,0:0:0,5430,5470,5370,5420,432863
14590,楽天Ｗベア,東証,2019/1/4,0:0:0,5760,5830,5670,5670,583560
14590,楽天Ｗベア,東証,2019/1/7,0:0:0,5300,5390,5240,5380,308669
14590,楽天Ｗベア,東証,2019/1/8,0:0:0,5290,5330,5200,5260,400488
14590,楽天Ｗベア,東証,2019/1/9,0:0:0,5200,5220,5120,5170,259289
14590,楽天Ｗベア,東証,2019/1/10,0:0:0,5240,5330,5210,5300,335504
14590,楽天Ｗベア,東証,2019/1/11,0:0:0,5220,5230,5170,5180,247995
14590,楽天Ｗベア,東証,2019/1/15,0:0:0,5270,5280,5080,5110,362262
14590,楽天Ｗベア,東証,2019/1/16,0:0:0,5080,5210,5080,5160,419379
14590,楽天Ｗベア,東証,2019/1/17,0:0:0,5090,5200,5080,5160,303449
14590,楽天Ｗベア,東証,2019/1/18,0:0:0,5130,5140,5020,5040,325651
14590,楽天Ｗベア,東証,2019/1/21,0:0:0,4940,5030,4915,5010,377061
14590,楽天Ｗベア,東証,2019/1/22,0:0:0,4975,5090,4960,5070,304405
14590,楽天Ｗベア,東証,2019/1/23,0:0:0,5130,5140,5020,5070,430492
14590,楽天Ｗベア,東証,2019/1/24,0:0:0,5100,5130,5040,5060,331824
14590,楽天Ｗベア,東証,2019/1/25,0:0:0,5060,5060,4940,4965,350172
14590,楽天Ｗベア,東証,2019/1/28,0:0:0,4975,5050,4975,5030,293622
14590,楽天Ｗベア,東証,2019/1/29,0:0:0,5090,5150,5020,5040,522068
14590,楽天Ｗベア,東証,2019/1/30,0:0:0,5000,5100,5000,5070,230435
14590,楽天Ｗベア,東証,2019/1/31,0:0:0,4940,5020,4925,4975,374448
14590,楽天Ｗベア,東証,2019/2/1,0:0:0,4970,4990,4895,4975,580514
14590,楽天Ｗベア,東証,2019/2/4,0:0:0,4955,4955,4900,4920,379486
14590,楽天Ｗベア,東証,2019/2/5,0:0:0,4885,4950,4880,4945,317328
14590,楽天Ｗベア,東証,2019/2/6,0:0:0,4900,4935,4885,4920,309576
14590,楽天Ｗベア,東証,2019/2/7,0:0:0,4920,5030,4905,4985,463013
14590,楽天Ｗベア,東証,2019/2/8,0:0:0,5120,5200,5070,5190,441375
14590,楽天Ｗベア,東証,2019/2/12,0:0:0,5120,5130,4900,4910,680065
14590,楽天Ｗベア,東証,2019/2/13,0:0:0,4840,4850,4745,4780,519047
14590,楽天Ｗベア,東証,2019/2/14,0:0:0,4780,4795,4735,4785,368832
14590,楽天Ｗベア,東証,2019/2/15,0:0:0,4845,4905,4835,4890,434713
14590,楽天Ｗベア,東証,2019/2/18,0:0:0,4715,4755,4695,4710,475237
14590,楽天Ｗベア,東証,2019/2/19,0:0:0,4720,4735,4675,4685,339996
14590,楽天Ｗベア,東証,2019/2/20,0:0:0,4670,4690,4610,4645,357398
14590,楽天Ｗベア,東証,2019/2/21,0:0:0,4650,4685,4585,4620,356779
14590,楽天Ｗベア,東証,2019/2/22,0:0:0,4665,4675,4625,4635,266445
14590,楽天Ｗベア,東証,2019/2/25,0:0:0,4575,4610,4565,4590,214779
14590,楽天Ｗベア,東証,2019/2/26,0:0:0,4580,4645,4555,4625,304501
14590,楽天Ｗベア,東証,2019/2/27,0:0:0,4605,4605,4565,4570,202936
14590,楽天Ｗベア,東証,2019/2/28,0:0:0,4580,4660,4580,4650,228896
14590,楽天Ｗベア,東証,2019/3/1,0:0:0,4605,4605,4535,4545,316406
14590,楽天Ｗベア,東証,2019/3/4,0:0:0,4475,4495,4440,4450,280385
14590,楽天Ｗベア,東証,2019/3/5,0:0:0,4510,4530,4470,4510,213895
14590,楽天Ｗベア,東証,2019/3/6,0:0:0,4515,4575,4515,4550,223649
14590,楽天Ｗベア,東証,2019/3/7,0:0:0,4610,4635,4600,4620,330135
14590,楽天Ｗベア,東証,2019/3/8,0:0:0,4675,4815,4665,4800,526154
14590,楽天Ｗベア,東証,2019/3/11,0:0:0,4770,4840,4735,4755,325674
14590,楽天Ｗベア,東証,2019/3/12,0:0:0,4585,4610,4545,4570,363104
14590,楽天Ｗベア,東証,2019/3/13,0:0:0,4605,4705,4590,4670,309328
14590,楽天Ｗベア,東証,2019/3/14,0:0:0,4575,4665,4560,4660,265608
14590,楽天Ｗベア,東証,2019/3/15,0:0:0,4625,4625,4565,4585,254060
14590,楽天Ｗベア,東証,2019/3/18,0:0:0,4540,4570,4520,4535,183281
14590,楽天Ｗベア,東証,2019/3/19,0:0:0,4540,4595,4535,4540,205115
14590,楽天Ｗベア,東証,2019/3/20,0:0:0,4550,4575,4520,4525,171832
14590,楽天Ｗベア,東証,2019/3/22,0:0:0,4530,4580,4500,4545,246049
14590,楽天Ｗベア,東証,2019/3/25,0:0:0,4740,4835,4740,4805,640484
14590,楽天Ｗベア,東証,2019/3/26,0:0:0,4695,4700,4570,4595,569260
14590,楽天Ｗベア,東証,2019/3/27,0:0:0,4550,4590,4525,4545,324624
14590,楽天Ｗベア,東証,2019/3/28,0:0:0,4610,4700,4605,4675,478835
14590,楽天Ｗベア,東証,2019/3/29,0:0:0,4575,4625,4570,4605,320055
14590,楽天Ｗベア,東証,2019/4/1,0:0:0,4465,4480,4395,4465,678896
14590,楽天Ｗベア,東証,2019/4/2,0:0:0,4380,4475,4375,4470,388163
14590,楽天Ｗベア,東証,2019/4/3,0:0:0,4450,4475,4380,4390,425123
14590,楽天Ｗベア,東証,2019/4/4,0:0:0,4380,4405,4355,4380,202979
14590,楽天Ｗベア,東証,2019/4/5,0:0:0,4375,4375,4330,4340,235526
14590,楽天Ｗベア,東証,2019/4/8,0:0:0,4300,4370,4300,4355,265013
14590,楽天Ｗベア,東証,2019/4/9,0:0:0,4365,4385,4340,4355,204535
14590,楽天Ｗベア,東証,2019/4/10,0:0:0,4425,4435,4390,4390,288351
14590,楽天Ｗベア,東証,2019/4/11,0:0:0,4405,4415,4375,4385,194191
14590,楽天Ｗベア,東証,2019/4/12,0:0:0,4340,4390,4315,4320,364668
14590,楽天Ｗベア,東証,2019/4/15,0:0:0,4220,4225,4185,4195,378334
14590,楽天Ｗベア,東証,2019/4/16,0:0:0,4215,4215,4165,4185,220424
14590,楽天Ｗベア,東証,2019/4/17,0:0:0,4165,4195,4130,4155,246278
14590,楽天Ｗベア,東証,2019/4/18,0:0:0,4155,4245,4150,4230,325182
14590,楽天Ｗベア,東証,2019/4/19,0:0:0,4175,4200,4165,4185,150986
14590,楽天Ｗベア,東証,2019/4/22,0:0:0,4185,4220,4150,4170,161471
14590,楽天Ｗベア,東証,2019/4/23,0:0:0,4170,4215,4155,4165,190319
14590,楽天Ｗベア,東証,2019/4/24,0:0:0,4125,4210,4120,4190,243532
14590,楽天Ｗベア,東証,2019/4/25,0:0:0,4190,4195,4135,4135,287752
14590,楽天Ｗベア,東証,2019/4/26,0:0:0,4190,4230,4155,4160,384455
14590,楽天Ｗベア,東証,2019/5/7,0:0:0,4205,4300,4200,4290,428033
14590,楽天Ｗベア,東証,2019/5/8,0:0:0,4415,4445,4400,4420,607322
14590,楽天Ｗベア,東証,2019/5/9,0:0:0,4450,4530,4430,4485,835331
14590,楽天Ｗベア,東証,2019/5/10,0:0:0,4500,4590,4415,4515,1206607
14590,楽天Ｗベア,東証,2019/5/13,0:0:0,4585,4610,4545,4580,523898
14590,楽天Ｗベア,東証,2019/5/14,0:0:0,4755,4770,4625,4630,795221
14590,楽天Ｗベア,東証,2019/5/15,0:0:0,4605,4680,4580,4585,383240
14590,楽天Ｗベア,東証,2019/5/16,0:0:0,4600,4690,4600,4640,465372
14590,楽天Ｗベア,東証,2019/5/17,0:0:0,4570,4580,4490,4550,448195
14590,楽天Ｗベア,東証,2019/5/20,0:0:0,4535,4540,4475,4520,357647
14590,楽天Ｗベア,東証,2019/5/21,0:0:0,4570,4590,4520,4540,437154
14590,楽天Ｗベア,東証,2019/5/22,0:0:0,4490,4545,4485,4535,245008
14590,楽天Ｗベア,東証,2019/5/23,0:0:0,4580,4630,4570,4595,338504
14590,楽天Ｗベア,東証,2019/5/24,0:0:0,4690,4695,4610,4610,328387
14590,楽天Ｗベア,東証,2019/5/27,0:0:0,4585,4610,4555,4575,138621
14590,楽天Ｗベア,東証,2019/5/28,0:0:0,4570,4575,4530,4550,253998
14590,楽天Ｗベア,東証,2019/5/29,0:0:0,4635,4705,4630,4655,525804
14590,楽天Ｗベア,東証,2019/5/30,0:0:0,4710,4745,4680,4690,497313
14590,楽天Ｗベア,東証,2019/5/31,0:0:0,4750,4845,4740,4840,715326
14590,楽天Ｗベア,東証,2019/6/3,0:0:0,4965,4970,4910,4935,470214
14590,楽天Ｗベア,東証,2019/6/4,0:0:0,4910,4985,4895,4925,363881
14590,楽天Ｗベア,東証,2019/6/5,0:0:0,4765,4785,4735,4750,406164
14590,楽天Ｗベア,東証,2019/6/6,0:0:0,4755,4760,4715,4750,276227
14590,楽天Ｗベア,東証,2019/6/7,0:0:0,4705,4725,4685,4685,288176
14590,楽天Ｗベア,東証,2019/6/10,0:0:0,4585,4610,4570,4585,282350
14590,楽天Ｗベア,東証,2019/6/11,0:0:0,4605,4610,4540,4545,271128
14590,楽天Ｗベア,東証,2019/6/12,0:0:0,4580,4585,4530,4575,218002
14590,楽天Ｗベア,東証,2019/6/13,0:0:0,4615,4670,4590,4635,299194
14590,楽天Ｗベア,東証,2019/6/14,0:0:0,4625,4650,4585,4590,203550
14590,楽天Ｗベア,東証,2019/6/17,0:0:0,4600,4620,4555,4575,169877
14590,楽天Ｗベア,東証,2019/6/18,0:0:0,4590,4670,4575,4655,265064
14590,楽天Ｗベア,東証,2019/6/19,0:0:0,4515,4520,4480,4480,346941
14590,楽天Ｗベア,東証,2019/6/20,0:0:0,4455,4475,4425,4435,301082
14590,楽天Ｗベア,東証,2019/6/21,0:0:0,4425,4540,4420,4525,298896
14590,楽天Ｗベア,東証,2019/6/24,0:0:0,4530,4550,4495,4505,220068
14590,楽天Ｗベア,東証,2019/6/25,0:0:0,4535,4585,4495,4550,323389
14590,楽天Ｗベア,東証,2019/6/26,0:0:0,4590,4600,4560,4585,213912
14590,楽天Ｗベア,東証,2019/6/27,0:0:0,4560,4565,4480,4480,311082
14590,楽天Ｗベア,東証,2019/6/28,0:0:0,4505,4530,4485,4505,198823
14590,楽天Ｗベア,東証,2019/7/1,0:0:0,4345,4380,4295,4295,489640
14590,楽天Ｗベア,東証,2019/7/2,0:0:0,4320,4320,4280,4300,231350
14590,楽天Ｗベア,東証,2019/7/3,0:0:0,4320,4370,4315,4350,264447
14590,楽天Ｗベア,東証,2019/7/4,0:0:0,4300,4320,4295,4320,171126
14590,楽天Ｗベア,東証,2019/7/5,0:0:0,4315,4335,4305,4310,211918
14590,楽天Ｗベア,東証,2019/7/8,0:0:0,4330,4395,4330,4375,287775
14590,楽天Ｗベア,東証,2019/7/9,0:0:0,4355,4390,4315,4375,326923
14590,楽天Ｗベア,東証,2019/7/10,0:0:0,4385,4390,4350,4365,212052
14590,楽天Ｗベア,東証,2019/7/11,0:0:0,4375,4380,4330,4335,235224
14590,楽天Ｗベア,東証,2019/7/12,0:0:0,4315,4355,4310,4315,228512
14590,楽天Ｗベア,東証,2019/7/16,0:0:0,4335,4385,4330,4370,184292
14590,楽天Ｗベア,東証,2019/7/17,0:0:0,4395,4440,4395,4400,191171
14590,楽天Ｗベア,東証,2019/7/18,0:0:0,4460,4600,4450,4580,489392
14590,楽天Ｗベア,東証,2019/7/19,0:0:0,4530,4545,4390,4395,419337
14590,楽天Ｗベア,東証,2019/7/22,0:0:0,4430,4455,4405,4420,250882
14590,楽天Ｗベア,東証,2019/7/23,0:0:0,4410,4420,4305,4335,439717
14590,楽天Ｗベア,東証,2019/7/24,0:0:0,4285,4310,4280,4305,174205
14590,楽天Ｗベア,東証,2019/7/25,0:0:0,4265,4280,4245,4275,217795
14590,楽天Ｗベア,東証,2019/7/26,0:0:0,4310,4340,4290,4320,235935
14590,楽天Ｗベア,東証,2019/7/29,0:0:0,4320,4370,4315,4335,268352
14590,楽天Ｗベア,東証,2019/7/30,0:0:0,4310,4310,4260,4300,300018
14590,楽天Ｗベア,東証,2019/7/31,0:0:0,4360,4385,4340,4360,354287
14590,楽天Ｗベア,東証,2019/8/1,0:0:0,4440,4460,4350,4365,310310
14590,楽天Ｗベア,東証,2019/8/2,0:0:0,4535,4595,4505,4545,752286
14590,楽天Ｗベア,東証,2019/8/5,0:0:0,4615,4785,4600,4705,763377
14590,楽天Ｗベア,東証,2019/8/6,0:0:0,4975,4975,4750,4760,676400
14590,楽天Ｗベア,東証,2019/8/7,0:0:0,4770,4850,4765,4785,350345
14590,楽天Ｗベア,東証,2019/8/8,0:0:0,4780,4815,4715,4745,299633
14590,楽天Ｗベア,東証,2019/8/9,0:0:0,4675,4715,4665,4715,193894
14590,楽天Ｗベア,東証,2019/8/13,0:0:0,4850,4865,4815,4830,648337
14590,楽天Ｗベア,東証,2019/8/14,0:0:0,4705,4760,4695,4735,347115
14590,楽天Ｗベア,東証,2019/8/15,0:0:0,4900,4940,4830,4840,535020
14590,楽天Ｗベア,東証,2019/8/16,0:0:0,4880,4890,4805,4820,337121
14590,楽天Ｗベア,東証,2019/8/19,0:0:0,4750,4795,4725,4760,248112
14590,楽天Ｗベア,東証,2019/8/20,0:0:0,4735,4750,4705,4705,168965
14590,楽天Ｗベア,東証,2019/8/21,0:0:0,4785,4790,4730,4730,246122
14590,楽天Ｗベア,東証,2019/8/22,0:0:0,4690,4750,4680,4730,178874
14590,楽天Ｗベア,東証,2019/8/23,0:0:0,4740,4745,4685,4685,186753
14590,楽天Ｗベア,東証,2019/8/26,0:0:0,4910,4920,4865,4890,756931
14590,楽天Ｗベア,東証,2019/8/27,0:0:0,4790,4810,4765,4810,466516
14590,楽天Ｗベア,東証,2019/8/28,0:0:0,4790,4815,4770,4785,325231
14590,楽天Ｗベア,東証,2019/8/29,0:0:0,4780,4840,4770,4795,339533
14590,楽天Ｗベア,東証,2019/8/30,0:0:0,4710,4710,4660,4670,388211
14590,楽天Ｗベア,東証,2019/9/2,0:0:0,4720,4725,4695,4715,171838
14590,楽天Ｗベア,東証,2019/9/3,0:0:0,4735,4740,4695,4715,172224
14590,楽天Ｗベア,東証,2019/9/4,0:0:0,4730,4745,4680,4690,213971
14590,楽天Ｗベア,東証,2019/9/5,0:0:0,4640,4640,4465,4490,711951
14590,楽天Ｗベア,東証,2019/9/6,0:0:0,4450,4475,4435,4465,328315
14590,楽天Ｗベア,東証,2019/9/9,0:0:0,4455,4460,4395,4405,298175
14590,楽天Ｗベア,東証,2019/9/10,0:0:0,4385,4395,4355,4370,342898
14590,楽天Ｗベア,東証,2019/9/11,0:0:0,4345,4355,4275,4290,438770
14590,楽天Ｗベア,東証,2019/9/12,0:0:0,4220,4230,4195,4210,424713
14590,楽天Ｗベア,東証,2019/9/13,0:0:0,4165,4200,4125,4125,502163
14590,楽天Ｗベア,東証,2019/9/17,0:0:0,4155,4175,4110,4125,340757
14590,楽天Ｗベア,東証,2019/9/18,0:0:0,4125,4150,4115,4140,214816
14590,楽天Ｗベア,東証,2019/9/19,0:0:0,4100,4125,4025,4105,553052
14590,楽天Ｗベア,東証,2019/9/20,0:0:0,4075,4105,4050,4100,260988
14590,楽天Ｗベア,東証,2019/9/24,0:0:0,4100,4100,4060,4085,185747
14590,楽天Ｗベア,東証,2019/9/25,0:0:0,4140,4165,4110,4120,351401
14590,楽天Ｗベア,東証,2019/9/26,0:0:0,4065,4130,4055,4120,246653
14590,楽天Ｗベア,東証,2019/9/27,0:0:0,4085,4165,4080,4115,339869
14590,楽天Ｗベア,東証,2019/9/30,0:0:0,4165,4190,4135,4170,273433
14590,楽天Ｗベア,東証,2019/10/1,0:0:0,4135,4135,4085,4105,246476
14590,楽天Ｗベア,東証,2019/10/2,0:0:0,4165,4170,4135,4140,330070
14590,楽天Ｗベア,東証,2019/10/3,0:0:0,4280,4335,4275,4315,728031
14590,楽天Ｗベア,東証,2019/10/4,0:0:0,4310,4335,4275,4280,386551
14590,楽天Ｗベア,東証,2019/10/7,0:0:0,4265,4315,4255,4300,412841
14590,楽天Ｗベア,東証,2019/10/8,0:0:0,4250,4260,4190,4200,387737
14590,楽天Ｗベア,東証,2019/10/9,0:0:0,4290,4295,4260,4260,435622
14590,楽天Ｗベア,東証,2019/10/10,0:0:0,4265,4320,4200,4230,561995
14590,楽天Ｗベア,東証,2019/10/11,0:0:0,4160,4175,4120,4130,425550
14590,楽天Ｗベア,東証,2019/10/15,0:0:0,4020,4035,3965,3975,608480
14590,楽天Ｗベア,東証,2019/10/16,0:0:0,3860,3890,3820,3880,589288
14590,楽天Ｗベア,東証,2019/10/17,0:0:0,3880,3895,3855,3880,261185
14590,楽天Ｗベア,東証,2019/10/18,0:0:0,3860,3875,3815,3865,358571
14590,楽天Ｗベア,東証,2019/10/21,0:0:0,3855,3860,3835,3840,181741
14590,楽天Ｗベア,東証,2019/10/23,0:0:0,3800,3870,3800,3810,299123
14590,楽天Ｗベア,東証,2019/10/24,0:0:0,3775,3785,3760,3770,299863
14590,楽天Ｗベア,東証,2019/10/25,0:0:0,3770,3790,3755,3760,186451
14590,楽天Ｗベア,東証,2019/10/28,0:0:0,3745,3750,3730,3740,175866
14590,楽天Ｗベア,東証,2019/10/29,0:0:0,3715,3715,3695,3705,280218
14590,楽天Ｗベア,東証,2019/10/30,0:0:0,3720,3755,3710,3750,247776
14590,楽天Ｗベア,東証,2019/10/31,0:0:0,3715,3735,3700,3720,357293
14590,楽天Ｗベア,東証,2019/11/1,0:0:0,3790,3790,3740,3740,343869
14590,楽天Ｗベア,東証,2019/11/5,0:0:0,3635,3650,3585,3600,471764
14590,楽天Ｗベア,東証,2019/11/6,0:0:0,3585,3610,3585,3590,225778
14590,楽天Ｗベア,東証,2019/11/7,0:0:0,3610,3610,3585,3585,189775
14590,楽天Ｗベア,東証,2019/11/8,0:0:0,3515,3595,3500,3570,423542
14590,楽天Ｗベア,東証,2019/11/11,0:0:0,3550,3590,3540,3585,222524
14590,楽天Ｗベア,東証,2019/11/12,0:0:0,3585,3590,3515,3525,283666
14590,楽天Ｗベア,東証,2019/11/13,0:0:0,3550,3605,3545,3585,270420
14590,楽天Ｗベア,東証,2019/11/14,0:0:0,3580,3665,3570,3640,450835
14590,楽天Ｗベア,東証,2019/11/15,0:0:0,3635,3645,3575,3580,368885
14590,楽天Ｗベア,東証,2019/11/18,0:0:0,3585,3600,3550,3555,297366
14590,楽天Ｗベア,東証,2019/11/19,0:0:0,3570,3610,3560,3590,244665
14590,楽天Ｗベア,東証,2019/11/20,0:0:0,3630,3655,3585,3635,427879
14590,楽天Ｗベア,東証,2019/11/21,0:0:0,3665,3770,3650,3675,877325
14590,楽天Ｗベア,東証,2019/11/22,0:0:0,3675,3675,3615,3640,354483
14590,楽天Ｗベア,東証,2019/11/25,0:0:0,3585,3605,3570,3590,213340
14590,楽天Ｗベア,東証,2019/11/26,0:0:0,3540,3575,3490,3565,360681
14590,楽天Ｗベア,東証,2019/11/27,0:0:0,3540,3555,3520,3535,173872
14590,楽天Ｗベア,東証,2019/11/28,0:0:0,3535,3565,3525,3550,234253
14590,楽天Ｗベア,東証,2019/11/29,0:0:0,3535,3595,3525,3585,317458
14590,楽天Ｗベア,東証,2019/12/2,0:0:0,3565,3565,3505,3510,437371
14590,楽天Ｗベア,東証,2019/12/3,0:0:0,3610,3620,3555,3560,389158
14590,楽天Ｗベア,東証,2019/12/4,0:0:0,3630,3665,3620,3640,434119
14590,楽天Ｗベア,東証,2019/12/5,0:0:0,3580,3595,3560,3575,302369
14590,楽天Ｗベア,東証,2019/12/6,0:0:0,3560,3570,3545,3565,204665
14590,楽天Ｗベア,東証,2019/12/9,0:0:0,3500,3560,3500,3540,272839
14590,楽天Ｗベア,東証,2019/12/10,0:0:0,3555,3570,3535,3540,258705
14590,楽天Ｗベア,東証,2019/12/11,0:0:0,3545,3570,3535,3555,141392
14590,楽天Ｗベア,東証,2019/12/12,0:0:0,3540,3560,3525,3535,201808
14590,楽天Ｗベア,東証,2019/12/13,0:0:0,3405,3415,3350,3355,826364
14590,楽天Ｗベア,東証,2019/12/16,0:0:0,3375,3380,3355,3370,246946
14590,楽天Ｗベア,東証,2019/12/17,0:0:0,3345,3370,3335,3345,194314
14590,楽天Ｗベア,東証,2019/12/18,0:0:0,3355,3390,3350,3380,304425
14590,楽天Ｗベア,東証,2019/12/19,0:0:0,3395,3415,3380,3400,287269
14590,楽天Ｗベア,東証,2019/12/20,0:0:0,3390,3440,3390,3415,353186
14590,楽天Ｗベア,東証,2019/12/23,0:0:0,3390,3420,3390,3420,226897
14590,楽天Ｗベア,東証,2019/12/24,0:0:0,3410,3425,3410,3410,149948
14590,楽天Ｗベア,東証,2019/12/25,0:0:0,3420,3425,3410,3420,84625
14590,楽天Ｗベア,東証,2019/12/26,0:0:0,3430,3430,3380,3390,234572
14590,楽天Ｗベア,東証,2019/12/27,0:0:0,3370,3400,3365,3390,222356
14590,楽天Ｗベア,東証,2019/12/30,0:0:0,3415,3450,3415,3440,366034
14590,楽天Ｗベア,東証,2020/1/6,0:0:0,3575,3600,3560,3590,491153
14590,楽天Ｗベア,東証,2020/1/7,0:0:0,3545,3555,3465,3475,352481
14590,楽天Ｗベア,東証,2020/1/8,0:0:0,3580,3655,3545,3575,954812
14590,楽天Ｗベア,東証,2020/1/9,0:0:0,3465,3470,3400,3415,542030
14590,楽天Ｗベア,東証,2020/1/10,0:0:0,3395,3410,3360,3375,335090
14590,楽天Ｗベア,東証,2020/1/14,0:0:0,3340,3350,3320,3335,308276
14590,楽天Ｗベア,東証,2020/1/15,0:0:0,3360,3370,3335,3360,189382
14590,楽天Ｗベア,東証,2020/1/16,0:0:0,3345,3365,3340,3350,145201
14590,楽天Ｗベア,東証,2020/1/17,0:0:0,3310,3335,3300,3320,244885
14590,楽天Ｗベア,東証,2020/1/20,0:0:0,3315,3320,3305,3315,115870
14590,楽天Ｗベア,東証,2020/1/21,0:0:0,3315,3380,3315,3375,294762
14590,楽天Ｗベア,東証,2020/1/22,0:0:0,3385,3385,3320,3330,419206
14590,楽天Ｗベア,東証,2020/1/23,0:0:0,3380,3400,3355,3395,371999
14590,楽天Ｗベア,東証,2020/1/24,0:0:0,3375,3405,3370,3385,323528
14590,楽天Ｗベア,東証,2020/1/27,0:0:0,3525,3530,3480,3525,602239
14590,楽天Ｗベア,東証,2020/1/28,0:0:0,3580,3590,3545,3550,570250
14590,楽天Ｗベア,東証,2020/1/29,0:0:0,3525,3560,3505,3510,397459
14590,楽天Ｗベア,東証,2020/1/30,0:0:0,3540,3655,3525,3635,763937
14590,楽天Ｗベア,東証,2020/1/31,0:0:0,3570,3575,3485,3555,834742
14590,楽天Ｗベア,東証,2020/2/3,0:0:0,3685,3690,3610,3625,898851
14590,楽天Ｗベア,東証,2020/2/4,0:0:0,3655,3665,3580,3595,595531
14590,楽天Ｗベア,東証,2020/2/5,0:0:0,3510,3545,3485,3510,590546
14590,楽天Ｗベア,東証,2020/2/6,0:0:0,3410,3420,3310,3345,882522
14590,楽天Ｗベア,東証,2020/2/7,0:0:0,3325,3380,3320,3355,369205
14590,楽天Ｗベア,東証,2020/2/10,0:0:0,3415,3420,3365,3395,481939
14590,楽天Ｗベア,東証,2020/2/12,0:0:0,3350,3390,3345,3345,294689
14590,楽天Ｗベア,東証,2020/2/13,0:0:0,3345,3370,3335,3365,406294
14590,楽天Ｗベア,東証,2020/2/14,0:0:0,3395,3420,3380,3405,476883
14590,楽天Ｗベア,東証,2020/2/17,0:0:0,3450,3500,3430,3440,496707
14590,楽天Ｗベア,東証,2020/2/18,0:0:0,3480,3560,3475,3545,703954
14590,楽天Ｗベア,東証,2020/2/19,0:0:0,3500,3525,3455,3480,521858
14590,楽天Ｗベア,東証,2020/2/20,0:0:0,3380,3470,3355,3455,890600
14590,楽天Ｗベア,東証,2020/2/21,0:0:0,3470,3485,3420,3480,578935
14590,楽天Ｗベア,東証,2020/2/25,0:0:0,3755,3765,3670,3710,1336445
14590,楽天Ｗベア,東証,2020/2/26,0:0:0,3780,3870,3760,3775,1610805
14590,楽天Ｗベア,東証,2020/2/27,0:0:0,3830,3965,3820,3930,1870214
14590,楽天Ｗベア,東証,2020/2/28,0:0:0,4135,4305,4125,4265,2568113
14590,楽天Ｗベア,東証,2020/3/2,0:0:0,4335,4350,4035,4135,2713418
14590,楽天Ｗベア,東証,2020/3/3,0:0:0,3995,4240,3980,4240,1778753
14590,楽天Ｗベア,東証,2020/3/4,0:0:0,4310,4330,4175,4230,1299366
14590,楽天Ｗベア,東証,2020/3/5,0:0:0,4125,4185,4120,4135,1060845
14590,楽天Ｗベア,東証,2020/3/6,0:0:0,4260,4420,4240,4370,2166137
14590,楽天Ｗベア,東証,2020/3/9,0:0:0,4775,4905,4710,4835,2285229
14590,楽天Ｗベア,東証,2020/3/10,0:0:0,4915,5200,4640,4710,3271809
14590,楽天Ｗベア,東証,2020/3/11,0:0:0,4780,4925,4640,4915,1725328
14590,楽天Ｗベア,東証,2020/3/12,0:0:0,5110,5470,5040,5360,2426311
14590,楽天Ｗベア,東証,2020/3/13,0:0:0,6130,6360,5580,6030,2267830
14590,楽天Ｗベア,東証,2020/3/16,0:0:0,5860,6380,5700,6370,1792709
14590,楽天Ｗベア,東証,2020/3/17,0:0:0,6770,6780,5900,6350,2206977
14590,楽天Ｗベア,東証,2020/3/18,0:0:0,6250,6550,6000,6520,1511530
14590,楽天Ｗベア,東証,2020/3/19,0:0:0,6220,6830,6200,6650,2298297
14590,楽天Ｗベア,東証,2020/3/23,0:0:0,6680,6740,6270,6420,1508412
14590,楽天Ｗベア,東証,2020/3/24,0:0:0,5790,5900,5470,5480,1606434
14590,楽天Ｗベア,東証,2020/3/25,0:0:0,4840,4995,4550,4575,1591414
14590,楽天Ｗベア,東証,2020/3/26,0:0:0,4855,5080,4775,4975,1468438
14590,楽天Ｗベア,東証,2020/3/27,0:0:0,4650,4910,4615,4780,1693412
14590,楽天Ｗベア,東証,2020/3/30,0:0:0,4915,4930,4700,4700,1296889
14590,楽天Ｗベア,東証,2020/3/31,0:0:0,4630,4805,4535,4805,1096021
14590,楽天Ｗベア,東証,2020/4/1,0:0:0,4905,5280,4810,5180,1310457
14590,楽天Ｗベア,東証,2020/4/2,0:0:0,5270,5390,5120,5320,1371642
14590,楽天Ｗベア,東証,2020/4/3,0:0:0,5240,5420,5160,5310,1063964
14590,楽天Ｗベア,東証,2020/4/6,0:0:0,5310,5330,4785,4820,1885230
14590,楽天Ｗベア,東証,2020/4/7,0:0:0,4540,4860,4535,4640,1365913
14590,楽天Ｗベア,東証,2020/4/8,0:0:0,4600,4745,4395,4440,1525333
14590,楽天Ｗベア,東証,2020/4/9,0:0:0,4435,4535,4410,4445,1294223
14590,楽天Ｗベア,東証,2020/4/10,0:0:0,4375,4480,4360,4375,754608
14590,楽天Ｗベア,東証,2020/4/13,0:0:0,4445,4585,4420,4585,934070
14590,楽天Ｗベア,東証,2020/4/14,0:0:0,4520,4540,4250,4300,1477544
14590,楽天Ｗベア,東証,2020/4/15,0:0:0,4330,4370,4275,4320,952440
14590,楽天Ｗベア,東証,2020/4/16,0:0:0,4450,4500,4405,4440,1312633
14590,楽天Ｗベア,東証,2020/4/17,0:0:0,4290,4290,4145,4165,1464873
14590,楽天Ｗベア,東証,2020/4/20,0:0:0,4270,4295,4210,4265,771223
14590,楽天Ｗベア,東証,2020/4/21,0:0:0,4350,4470,4315,4435,1214436
14590,楽天Ｗベア,東証,2020/4/22,0:0:0,4505,4630,4495,4500,1497028
14590,楽天Ｗベア,東証,2020/4/23,0:0:0,4430,4455,4355,4360,760697
14590,楽天Ｗベア,東証,2020/4/24,0:0:0,4405,4470,4385,4430,733290
14590,楽天Ｗベア,東証,2020/4/27,0:0:0,4330,4340,4175,4200,1178717
14590,楽天Ｗベア,東証,2020/4/28,0:0:0,4180,4250,4160,4190,775814
14590,楽天Ｗベア,東証,2020/4/30,0:0:0,3965,4015,3940,4015,1056549
14590,楽天Ｗベア,東証,2020/5/1,0:0:0,4140,4275,4115,4235,1205252
14590,楽天Ｗベア,東証,2020/5/7,0:0:0,4305,4325,4195,4230,584005
14590,楽天Ｗベア,東証,2020/5/8,0:0:0,4100,4130,4010,4020,926219
14590,楽天Ｗベア,東証,2020/5/11,0:0:0,3950,3955,3865,3925,950404
14590,楽天Ｗベア,東証,2020/5/12,0:0:0,3910,3960,3895,3920,635974
14590,楽天Ｗベア,東証,2020/5/13,0:0:0,4035,4055,3940,3970,770880
14590,楽天Ｗベア,東証,2020/5/14,0:0:0,4025,4110,3995,4110,861643
14590,楽天Ｗベア,東証,2020/5/15,0:0:0,3985,4135,3980,4045,932788
14590,楽天Ｗベア,東証,2020/5/18,0:0:0,4010,4060,3980,4000,595626
14590,楽天Ｗベア,東証,2020/5/19,0:0:0,3805,3885,3795,3870,886552
14590,楽天Ｗベア,東証,2020/5/20,0:0:0,3885,3885,3790,3820,786152
14590,楽天Ｗベア,東証,2020/5/21,0:0:0,3780,3860,3765,3830,750743
14590,楽天Ｗベア,東証,2020/5/22,0:0:0,3835,3920,3815,3895,807294
14590,楽天Ｗベア,東証,2020/5/25,0:0:0,3785,3830,3765,3765,738959
14590,楽天Ｗベア,東証,2020/5/26,0:0:0,3695,3695,3550,3570,1384848
14590,楽天Ｗベア,東証,2020/5/27,0:0:0,3580,3615,3505,3515,1265087
14590,楽天Ｗベア,東証,2020/5/28,0:0:0,3445,3470,3355,3360,1903856
14590,楽天Ｗベア,東証,2020/5/29,0:0:0,3400,3420,3340,3365,1502633
14590,楽天Ｗベア,東証,2020/6/1,0:0:0,3350,3355,3275,3305,1265803
14590,楽天Ｗベア,東証,2020/6/2,0:0:0,3275,3295,3205,3225,995734
14590,楽天Ｗベア,東証,2020/6/3,0:0:0,3100,3190,3085,3145,1315280
14590,楽天Ｗベア,東証,2020/6/4,0:0:0,3075,3175,3065,3120,1287312
14590,楽天Ｗベア,東証,2020/6/5,0:0:0,3140,3160,3075,3080,914353
14590,楽天Ｗベア,東証,2020/6/8,0:0:0,3010,3030,2993,2999,1298902
14590,楽天Ｗベア,東証,2020/6/9,0:0:0,3000,3055,2988,3010,872977
14590,楽天Ｗベア,東証,2020/6/10,0:0:0,3060,3065,2993,3005,1026026
14590,楽天Ｗベア,東証,2020/6/11,0:0:0,3095,3185,3055,3185,1487732
14590,楽天Ｗベア,東証,2020/6/12,0:0:0,3360,3380,3205,3230,2904411
14590,楽天Ｗベア,東証,2020/6/15,0:0:0,3280,3455,3240,3450,2487221
14590,楽天Ｗベア,東証,2020/6/16,0:0:0,3240,3275,3085,3105,2696507
14590,楽天Ｗベア,東証,2020/6/17,0:0:0,3125,3190,3120,3140,1095653
14590,楽天Ｗベア,東証,2020/6/18,0:0:0,3165,3240,3150,3165,1805779
14590,楽天Ｗベア,東証,2020/6/19,0:0:0,3120,3175,3115,3135,1068172
14590,楽天Ｗベア,東証,2020/6/22,0:0:0,3175,3185,3105,3140,865042
14590,楽天Ｗベア,東証,2020/6/23,0:0:0,3080,3200,3070,3110,1246619
14590,楽天Ｗベア,東証,2020/6/24,0:0:0,3110,3130,3075,3115,790041
14590,楽天Ｗベア,東証,2020/6/25,0:0:0,3185,3220,3145,3190,1212651
14590,楽天Ｗベア,東証,2020/6/26,0:0:0,3130,3155,3100,3120,842848
14590,楽天Ｗベア,東証,2020/6/29,0:0:0,3190,3265,3175,3255,1157184
14590,楽天Ｗベア,東証,2020/6/30,0:0:0,3140,3180,3125,3180,1026845
14590,楽天Ｗベア,東証,2020/7/1,0:0:0,3155,3245,3150,3220,1071064
14590,楽天Ｗベア,東証,2020/7/2,0:0:0,3205,3235,3175,3220,931060
14590,楽天Ｗベア,東証,2020/7/3,0:0:0,3175,3210,3160,3175,1089501
14590,楽天Ｗベア,東証,2020/7/6,0:0:0,3165,3165,3040,3055,1151897
14590,楽天Ｗベア,東証,2020/7/7,0:0:0,3065,3100,3040,3075,1177805
14590,楽天Ｗベア,東証,2020/7/8,0:0:0,3115,3125,3060,3125,780672
14590,楽天Ｗベア,東証,2020/7/9,0:0:0,3095,3115,3050,3090,920775
14590,楽天Ｗベア,東証,2020/7/10,0:0:0,3090,3155,3080,3155,1013326
14590,楽天Ｗベア,東証,2020/7/13,0:0:0,3075,3090,3025,3035,985715
14590,楽天Ｗベア,東証,2020/7/14,0:0:0,3070,3090,3050,3075,879247
14590,楽天Ｗベア,東証,2020/7/15,0:0:0,3010,3015,2975,2981,3481194
14590,楽天Ｗベア,東証,2020/7/16,0:0:0,2985,3035,2983,3020,2526930
14590,楽天Ｗベア,東証,2020/7/17,0:0:0,3015,3060,3000,3040,859152
14590,楽天Ｗベア,東証,2020/7/20,0:0:0,3020,3075,3015,3040,953611
14590,楽天Ｗベア,東証,2020/7/21,0:0:0,3015,3015,2981,2990,2407921
14590,楽天Ｗベア,東証,2020/7/22,0:0:0,3010,3030,2998,3020,755085
14590,楽天Ｗベア,東証,2020/7/27,0:0:0,3110,3115,3030,3035,857991
14590,楽天Ｗベア,東証,2020/7/28,0:0:0,3035,3060,3000,3050,790901
14590,楽天Ｗベア,東証,2020/7/29,0:0:0,3080,3130,3075,3125,1355627
14590,楽天Ｗベア,東証,2020/7/30,0:0:0,3085,3140,3085,3140,937087
14590,楽天Ｗベア,東証,2020/7/31,0:0:0,3155,3315,3145,3310,2385958
14590,楽天Ｗベア,東証,2020/8/3,0:0:0,3230,3255,3160,3175,1134407
14590,楽天Ｗベア,東証,2020/8/4,0:0:0,3110,3110,3050,3060,983414
14590,楽天Ｗベア,東証,2020/8/5,0:0:0,3085,3120,3065,3075,562543
14590,楽天Ｗベア,東証,2020/8/6,0:0:0,3080,3120,3055,3100,751569
14590,楽天Ｗベア,東証,2020/8/7,0:0:0,3100,3160,3095,3125,928492
14590,楽天Ｗベア,東証,2020/8/11,0:0:0,3065,3075,3005,3010,1149147
14590,楽天Ｗベア,東証,2020/8/12,0:0:0,3010,3030,2976,2984,5624921
14590,楽天Ｗベア,東証,2020/8/13,0:0:0,2894,2904,2861,2875,3197300
14590,楽天Ｗベア,東証,2020/8/14,0:0:0,2855,2883,2855,2868,1194685
14590,楽天Ｗベア,東証,2020/8/17,0:0:0,2893,2922,2875,2908,1023021
14590,楽天Ｗベア,東証,2020/8/18,0:0:0,2911,2952,2906,2923,1005785
14590,楽天Ｗベア,東証,2020/8/19,0:0:0,2938,2948,2899,2906,955383
14590,楽天Ｗベア,東証,2020/8/20,0:0:0,2934,2975,2918,2968,1150861
14590,楽天Ｗベア,東証,2020/8/21,0:0:0,2930,2957,2900,2952,872662
14590,楽天Ｗベア,東証,2020/8/24,0:0:0,2956,2973,2933,2940,746431
14590,楽天Ｗベア,東証,2020/8/25,0:0:0,2869,2876,2826,2861,1284390
14590,楽天Ｗベア,東証,2020/8/26,0:0:0,2868,2882,2846,2865,790560
14590,楽天Ｗベア,東証,2020/8/27,0:0:0,2852,2890,2845,2882,666985
14590,楽天Ｗベア,東証,2020/8/28,0:0:0,2869,3035,2837,2956,2490774
14590,楽天Ｗベア,東証,2020/8/31,0:0:0,2881,2891,2841,2888,1368735
14590,楽天Ｗベア,東証,2020/9/1,0:0:0,2906,2916,2875,2892,902268
14590,楽天Ｗベア,東証,2020/9/2,0:0:0,2858,2886,2857,2867,737394
14590,楽天Ｗベア,東証,2020/9/3,0:0:0,2794,2823,2786,2816,1402186
14590,楽天Ｗベア,東証,2020/9/4,0:0:0,2898,2899,2861,2879,1495972
14590,楽天Ｗベア,東証,2020/9/7,0:0:0,2892,2903,2871,2903,837303
14590,楽天Ｗベア,東証,2020/9/8,0:0:0,2873,2892,2856,2856,689064
14590,楽天Ｗベア,東証,2020/9/9,0:0:0,2932,2954,2910,2916,1579410
14590,楽天Ｗベア,東証,2020/9/10,0:0:0,2870,2889,2861,2864,1025765
14590,楽天Ｗベア,東証,2020/9/11,0:0:0,2875,2878,2820,2825,1187024
14590,楽天Ｗベア,東証,2020/9/14,0:0:0,2793,2795,2779,2787,869336
14590,楽天Ｗベア,東証,2020/9/15,0:0:0,2807,2831,2802,2810,688902
14590,楽天Ｗベア,東証,2020/9/16,0:0:0,2813,2822,2798,2805,1013928
14590,楽天Ｗベア,東証,2020/9/17,0:0:0,2816,2852,2812,2840,1330405
14590,楽天Ｗベア,東証,2020/9/18,0:0:0,2838,2846,2819,2829,1880665
14590,楽天Ｗベア,東証,2020/9/23,0:0:0,2859,2878,2827,2831,2498880
14590,楽天Ｗベア,東証,2020/9/24,0:0:0,2873,2908,2859,2894,1620698
14590,楽天Ｗベア,東証,2020/9/25,0:0:0,2859,2876,2846,2863,1620173
14590,楽天Ｗベア,東証,2020/9/28,0:0:0,2823,2841,2793,2799,1192966
14590,楽天Ｗベア,東証,2020/9/29,0:0:0,2780,2795,2730,2748,1258525
14590,楽天Ｗベア,東証,2020/9/30,0:0:0,2761,2835,2751,2831,1439542
14590,楽天Ｗベア,東証,2020/10/1,0:0:0,2831,2831,2831,2831,0
14590,楽天Ｗベア,東証,2020/10/2,0:0:0,2798,2884,2788,2868,2370318
14590,楽天Ｗベア,東証,2020/10/5,0:0:0,2804,2805,2782,2800,800195
14590,楽天Ｗベア,東証,2020/10/6,0:0:0,2774,2793,2768,2771,1022605
14590,楽天Ｗベア,東証,2020/10/7,0:0:0,2804,2805,2769,2774,749662
14590,楽天Ｗベア,東証,2020/10/8,0:0:0,2753,2758,2704,2720,2676449
14590,楽天Ｗベア,東証,2020/10/9,0:0:0,2701,2740,2699,2726,2450087
14590,楽天Ｗベア,東証,2020/10/12,0:0:0,2732,2749,2731,2735,1603751
14590,楽天Ｗベア,東証,2020/10/13,0:0:0,2715,2753,2714,2729,1742002
14590,楽天Ｗベア,東証,2020/10/14,0:0:0,2741,2747,2714,2720,2797050
14590,楽天Ｗベア,東証,2020/10/15,0:0:0,2738,2759,2731,2747,2094748
14590,楽天Ｗベア,東証,2020/10/16,0:0:0,2750,2778,2742,2768,1168852
14590,楽天Ｗベア,東証,2020/10/19,0:0:0,2738,2738,2703,2709,2377524
14590,楽天Ｗベア,東証,2020/10/20,0:0:0,2727,2743,2709,2734,2029658
14590,楽天Ｗベア,東証,2020/10/21,0:0:0,2723,2724,2704,2718,1841112
14590,楽天Ｗベア,東証,2020/10/22,0:0:0,2739,2761,2736,2752,2032028
14590,楽天Ｗベア,東証,2020/10/23,0:0:0,2737,2756,2730,2738,966900
14590,楽天Ｗベア,東証,2020/10/26,0:0:0,2742,2753,2732,2749,815172
14590,楽天Ｗベア,東証,2020/10/27,0:0:0,2772,2809,2751,2751,1158994
14590,楽天Ｗベア,東証,2020/10/28,0:0:0,2777,2785,2759,2764,719468
14590,楽天Ｗベア,東証,2020/10/29,0:0:0,2820,2822,2777,2792,1084016
14590,楽天Ｗベア,東証,2020/10/30,0:0:0,2796,2878,2793,2864,1557985
14590,楽天Ｗベア,東証,2020/11/2,0:0:0,2840,2840,2773,2786,1310401
14590,楽天Ｗベア,東証,2020/11/4,0:0:0,2694,2731,2665,2685,3236207
14590,楽天Ｗベア,東証,2020/11/5,0:0:0,2645,2654,2581,2590,2915216
14590,楽天Ｗベア,東証,2020/11/6,0:0:0,2592,2603,2538,2547,2526686
14590,楽天Ｗベア,東証,2020/11/9,0:0:0,2500,2505,2416,2438,2263433
14590,楽天Ｗベア,東証,2020/11/10,0:0:0,2362,2445,2353,2429,2897881
14590,楽天Ｗベア,東証,2020/11/11,0:0:0,2370,2382,2332,2339,5334139
14590,楽天Ｗベア,東証,2020/11/12,0:0:0,2325,2349,2298,2312,2226083
14590,楽天Ｗベア,東証,2020/11/13,0:0:0,2332,2367,2322,2336,3357584
14590,楽天Ｗベア,東証,2020/11/16,0:0:0,2278,2283,2234,2236,1385382
14590,楽天Ｗベア,東証,2020/11/17,0:0:0,2204,2245,2204,2220,3116355
14590,楽天Ｗベア,東証,2020/11/18,0:0:0,2242,2280,2239,2265,1549657
14590,楽天Ｗベア,東証,2020/11/19,0:0:0,2285,2312,2280,2288,1348021
14590,楽天Ｗベア,東証,2020/11/20,0:0:0,2315,2322,2297,2302,1453989
14590,楽天Ｗベア,東証,2020/11/24,0:0:0,2221,2224,2170,2187,3413294
14590,楽天Ｗベア,東証,2020/11/25,0:0:0,2124,2172,2095,2168,2011864
14590,楽天Ｗベア,東証,2020/11/26,0:0:0,2170,2172,2122,2124,1134086
14590,楽天Ｗベア,東証,2020/11/27,0:0:0,2133,2145,2104,2108,1457548
14590,楽天Ｗベア,東証,2020/11/30,0:0:0,2074,2147,2072,2137,1243786
14590,楽天Ｗベア,東証,2020/12/1,0:0:0,2111,2111,2074,2082,1137175
14590,楽天Ｗベア,東証,2020/12/2,0:0:0,2071,2101,2069,2084,754884
14590,楽天Ｗベア,東証,2020/12/3,0:0:0,2088,2095,2071,2080,1110529
14590,楽天Ｗベア,東証,2020/12/4,0:0:0,2096,2106,2082,2087,730309
14590,楽天Ｗベア,東証,2020/12/7,0:0:0,2070,2129,2068,2119,977563
14590,楽天Ｗベア,東証,2020/12/8,0:0:0,2147,2158,2124,2133,942243
14590,楽天Ｗベア,東証,2020/12/9,0:0:0,2123,2123,2078,2079,5413498
14590,楽天Ｗベア,東証,2020/12/10,0:0:0,2098,2106,2074,2085,2418559
14590,楽天Ｗベア,東証,2020/12/11,0:0:0,2090,2120,2077,2103,2356971
14590,楽天Ｗベア,東証,2020/12/14,0:0:0,2097,2097,2069,2088,3670480
14590,楽天Ｗベア,東証,2020/12/15,0:0:0,2101,2111,2090,2097,3072287
14590,楽天Ｗベア,東証,2020/12/16,0:0:0,2076,2092,2068,2086,1651255
14590,楽天Ｗベア,東証,2020/12/17,0:0:0,2082,2097,2073,2076,1510891
14590,楽天Ｗベア,東証,2020/12/18,0:0:0,2085,2092,2076,2085,845909
14590,楽天Ｗベア,東証,2020/12/21,0:0:0,2074,2121,2064,2092,1460460
14590,楽天Ｗベア,東証,2020/12/22,0:0:0,2114,2146,2102,2138,1300785
14590,楽天Ｗベア,東証,2020/12/23,0:0:0,2113,2139,2110,2123,1098441
14590,楽天Ｗベア,東証,2020/12/24,0:0:0,2099,2109,2084,2100,3300080
14590,楽天Ｗベア,東証,2020/12/25,0:0:0,2097,2102,2092,2095,613841
14590,楽天Ｗベア,東証,2020/12/28,0:0:0,2092,2098,2068,2068,3107884
14590,楽天Ｗベア,東証,2020/12/29,0:0:0,2053,2053,1945,1949,5824138
14590,楽天Ｗベア,東証,2020/12/30,0:0:0,1948,1984,1947,1965,3519364
14590,楽天Ｗベア,東証,2021/1/4,0:0:0,1946,2028,1944,1997,3488278
14590,楽天Ｗベア,東証,2021/1/5,0:0:0,2017,2023,1994,2011,3209463
14590,楽天Ｗベア,東証,2021/1/6,0:0:0,2019,2034,2005,2025,1269778
14590,楽天Ｗベア,東証,2021/1/7,0:0:0,1977,1977,1942,1962,7077854
14590,楽天Ｗベア,東証,2021/1/8,0:0:0,1922,1933,1871,1873,9554539
14590,楽天Ｗベア,東証,2021/1/12,0:0:0,1875,1890,1847,1860,8178472
14590,楽天Ｗベア,東証,2021/1/13,0:0:0,1864,1867,1817,1823,2006350
14590,楽天Ｗベア,東証,2021/1/14,0:0:0,1827,1831,1757,1798,5940324
14590,楽天Ｗベア,東証,2021/1/15,0:0:0,1770,1820,1770,1817,3547788
14590,楽天Ｗベア,東証,2021/1/18,0:0:0,1857,1868,1836,1849,1790336
14590,楽天Ｗベア,東証,2021/1/19,0:0:0,1827,1830,1786,1799,2141723
14590,楽天Ｗベア,東証,2021/1/20,0:0:0,1776,1828,1774,1813,2469846
14590,楽天Ｗベア,東証,2021/1/21,0:0:0,1785,1793,1770,1783,1714589
14590,楽天Ｗベア,東証,2021/1/22,0:0:0,1804,1811,1789,1797,2330259
14590,楽天Ｗベア,東証,2021/1/25,0:0:0,1787,1806,1775,1776,1137727
14590,楽天Ｗベア,東証,2021/1/26,0:0:0,1787,1811,1783,1807,1002944
14590,楽天Ｗベア,東証,2021/1/27,0:0:0,1790,1808,1781,1794,1049242
14590,楽天Ｗベア,東証,2021/1/28,0:0:0,1874,1875,1830,1853,1722660
14590,楽天Ｗベア,東証,2021/1/29,0:0:0,1835,1923,1830,1921,3908269
14590,楽天Ｗベア,東証,2021/2/1,0:0:0,1924,1927,1858,1861,4082885
14590,楽天Ｗベア,東証,2021/2/2,0:0:0,1838,1860,1822,1824,1795261
14590,楽天Ｗベア,東証,2021/2/3,0:0:0,1810,1818,1783,1788,2486976
14590,楽天Ｗベア,東証,2021/2/4,0:0:0,1798,1827,1793,1822,1861999
14590,楽天Ｗベア,東証,2021/2/5,0:0:0,1785,1799,1768,1768,4724832
14590,楽天Ｗベア,東証,2021/2/8,0:0:0,1758,1763,1692,1692,8967238
14590,楽天Ｗベア,東証,2021/2/9,0:0:0,1678,1697,1669,1679,6222608
14590,楽天Ｗベア,東証,2021/2/10,0:0:0,1692,1696,1675,1676,3804379
14590,楽天Ｗベア,東証,2021/2/12,0:0:0,1662,1690,1660,1679,1449263
14590,楽天Ｗベア,東証,2021/2/15,0:0:0,1657,1657,1611,1614,4120824
14590,楽天Ｗベア,東証,2021/2/16,0:0:0,1600,1602,1544,1571,3088348
14590,楽天Ｗベア,東証,2021/2/17,0:0:0,1586,1601,1578,1587,1704802
14590,楽天Ｗベア,東証,2021/2/18,0:0:0,1581,1604,1559,1594,1949790
14590,楽天Ｗベア,東証,2021/2/19,0:0:0,1623,1636,1601,1619,2393256
14590,楽天Ｗベア,東証,2021/2/22,0:0:0,1588,1610,1569,1601,2188756
14590,楽天Ｗベア,東証,2021/2/24,0:0:0,1620,1654,1610,1654,1771597
14590,楽天Ｗベア,東証,2021/2/25,0:0:0,1594,1606,1591,1597,2253090
14590,楽天Ｗベア,東証,2021/2/26,0:0:0,1659,1721,1657,1720,4573278
14590,楽天Ｗベア,東証,2021/3/1,0:0:0,1657,1668,1642,1645,1388338
14590,楽天Ｗベア,東証,2021/3/2,0:0:0,1612,1685,1607,1674,2683687
14590,楽天Ｗベア,東証,2021/3/3,0:0:0,1662,1683,1652,1657,1873472
14590,楽天Ｗベア,東証,2021/3/4,0:0:0,1701,1753,1688,1727,3867471
14590,楽天Ｗベア,東証,2021/3/5,0:0:0,1755,1803,1737,1737,5359733
14590,楽天Ｗベア,東証,2021/3/8,0:0:0,1686,1762,1686,1753,2731764
14590,楽天Ｗベア,東証,2021/3/9,0:0:0,1747,1767,1712,1714,3152483
14590,楽天Ｗベア,東証,2021/3/10,0:0:0,1699,1723,1690,1711,2460299
14590,楽天Ｗベア,東証,2021/3/11,0:0:0,1713,1717,1686,1688,2185921
14590,楽天Ｗベア,東証,2021/3/12,0:0:0,1676,1692,1627,1632,2116757
14590,楽天Ｗベア,東証,2021/3/15,0:0:0,1620,1637,1612,1625,1948787
14590,楽天Ｗベア,東証,2021/3/16,0:0:0,1625,1628,1596,1606,2149883
14590,楽天Ｗベア,東証,2021/3/17,0:0:0,1621,1621,1602,1609,1645373
14590,楽天Ｗベア,東証,2021/3/18,0:0:0,1584,1595,1547,1577,3170001
14590,楽天Ｗベア,東証,2021/3/19,0:0:0,1614,1639,1594,1622,2235644
14590,楽天Ｗベア,東証,2021/3/22,0:0:0,1669,1698,1667,1688,2300557
14590,楽天Ｗベア,東証,2021/3/23,0:0:0,1663,1709,1650,1709,2440157
14590,楽天Ｗベア,東証,2021/3/24,0:0:0,1738,1783,1725,1777,4088696
14590,楽天Ｗベア,東証,2021/3/25,0:0:0,1774,1778,1726,1740,3513599
14590,楽天Ｗベア,東証,2021/3/26,0:0:0,1692,1711,1675,1680,3232366
14590,楽天Ｗベア,東証,2021/3/29,0:0:0,1641,1681,1636,1666,3780495
14590,楽天Ｗベア,東証,2021/3/30,0:0:0,1638,1651,1627,1634,2154334
14590,楽天Ｗベア,東証,2021/3/31,0:0:0,1650,1664,1643,1656,1972537
14590,楽天Ｗベア,東証,2021/4/1,0:0:0,1631,1646,1615,1636,3581110
14590,楽天Ｗベア,東証,2021/4/2,0:0:0,1597,1602,1583,1583,2559772
14590,楽天Ｗベア,東証,2021/4/5,0:0:0,1557,1567,1547,1559,1997582
14590,楽天Ｗベア,東証,2021/4/6,0:0:0,1546,1604,1545,1600,2542831
14590,楽天Ｗベア,東証,2021/4/7,0:0:0,1595,1620,1582,1596,1971807
14590,楽天Ｗベア,東証,2021/4/8,0:0:0,1605,1621,1596,1597,3176995
14590,楽天Ｗベア,東証,2021/4/9,0:0:0,1578,1592,1560,1592,9459647
14590,楽天Ｗベア,東証,2021/4/12,0:0:0,1582,1617,1580,1615,2823690
14590,楽天Ｗベア,東証,2021/4/13,0:0:0,1609,1613,1578,1592,2375402
14590,楽天Ｗベア,東証,2021/4/14,0:0:0,1597,1614,1597,1607,1712294
14590,楽天Ｗベア,東証,2021/4/15,0:0:0,1616,1617,1590,1604,4645904
14590,楽天Ｗベア,東証,2021/4/16,0:0:0,1589,1609,1587,1598,4855571
14590,楽天Ｗベア,東証,2021/4/19,0:0:0,1600,1618,1587,1603,3579840
14590,楽天Ｗベア,東証,2021/4/20,0:0:0,1637,1674,1637,1663,3202621
14590,楽天Ｗベア,東証,2021/4/21,0:0:0,1723,1743,1701,1732,3859934
14590,楽天Ｗベア,東証,2021/4/22,0:0:0,1690,1697,1651,1651,4177894
14590,楽天Ｗベア,東証,2021/4/23,0:0:0,1685,1699,1666,1669,4386667
14590,楽天Ｗベア,東証,2021/4/26,0:0:0,1664,1683,1643,1654,6807953
14590,楽天Ｗベア,東証,2021/4/27,0:0:0,1646,1670,1645,1669,2013010
14590,楽天Ｗベア,東証,2021/4/28,0:0:0,1680,1686,1655,1664,2828645
14590,楽天Ｗベア,東証,2021/4/30,0:0:0,1672,1697,1664,1689,3537950
14590,楽天Ｗベア,東証,2021/5/6,0:0:0,1668,1668,1619,1630,6198426
14590,楽天Ｗベア,東証,2021/5/7,0:0:0,1628,1642,1617,1626,8278868
14590,楽天Ｗベア,東証,2021/5/10,0:0:0,1624,1629,1591,1608,6299671
14590,楽天Ｗベア,東証,2021/5/11,0:0:0,1640,1718,1633,1708,5792934
14590,楽天Ｗベア,東証,2021/5/12,0:0:0,1700,1797,1682,1764,10782209
14590,楽天Ｗベア,東証,2021/5/13,0:0:0,1812,1860,1808,1851,7194055
14590,楽天Ｗベア,東証,2021/5/14,0:0:0,1794,1816,1760,1766,3255079
14590,楽天Ｗベア,東証,2021/5/17,0:0:0,1736,1826,1735,1801,5935329
14590,楽天Ｗベア,東証,2021/5/18,0:0:0,1783,1783,1713,1723,5304976
14590,楽天Ｗベア,東証,2021/5/19,0:0:0,1785,1793,1746,1766,7988134
14590,楽天Ｗベア,東証,2021/5/20,0:0:0,1787,1800,1750,1760,5708412
14590,楽天Ｗベア,東証,2021/5/21,0:0:0,1735,1749,1720,1733,7428551
14590,楽天Ｗベア,東証,2021/5/24,0:0:0,1744,1745,1699,1727,3168991
14590,楽天Ｗベア,東証,2021/5/25,0:0:0,1704,1717,1700,1702,2915743
14590,楽天Ｗベア,東証,2021/5/26,0:0:0,1719,1722,1683,1692,7503565
14590,楽天Ｗベア,東証,2021/5/27,0:0:0,1702,1726,1698,1704,7717938
14590,楽天Ｗベア,東証,2021/5/28,0:0:0,1647,1662,1626,1630,4480916
14590,楽天Ｗベア,東証,2021/5/31,0:0:0,1647,1672,1632,1663,7884943
14590,楽天Ｗベア,東証,2021/6/1,0:0:0,1644,1693,1638,1668,4814277
14590,楽天Ｗベア,東証,2021/6/2,0:0:0,1682,1699,1647,1656,6703612
14590,楽天Ｗベア,東証,2021/6/3,0:0:0,1659,1664,1630,1640,6121577
14590,楽天Ｗベア,東証,2021/6/4,0:0:0,1660,1675,1648,1652,5392625
14590,楽天Ｗベア,東証,2021/6/7,0:0:0,1622,1651,1616,1647,3835891